comune,totale_soggetti,firmatari,proponenti,attori,gestione,monitoraggio,coordinamento,governance_totale,governance_generica,ente_capofila
Abbiategrasso,9,9,0,9,1,0,0,1,0,0
Acquaviva delle Fonti,1,0,0,0,0,0,0,0,0,0
Adria,1,0,0,1,0,0,0,0,0,0
Adro,1,1,0,1,0,0,0,0,0,0
Agliana,1,1,0,1,0,0,0,0,0,0
Alba,3,3,0,3,0,0,0,0,0,0
Alba Adriatica,1,1,0,1,0,0,0,0,0,0
Albenga,1,0,0,1,0,0,0,0,0,0
Alberobello,3,3,0,3,0,0,0,0,0,0
Albizzate,1,0,0,1,0,0,0,0,0,0
Alfedena,1,1,0,0,0,0,0,0,0,0
Alghero,1,1,0,1,0,0,0,0,0,0
Alto Reno Terme,1,1,0,1,0,0,0,0,0,0
Amandola,2,1,0,0,0,0,0,0,0,0
Ambivere,1,1,0,1,0,0,0,0,0,0
Amelia,1,0,0,1,0,0,0,0,0,0
Ancona,27,24,0,27,3,0,1,4,0,0
Andria,6,4,1,4,2,0,0,2,0,0
Annone Veneto,1,1,0,1,0,0,0,0,0,0
Anzio,1,0,0,0,0,0,0,0,0,0
Anzola dell’Emilia,1,1,0,1,0,0,0,0,0,0
Aosta,1,0,0,0,0,0,0,0,0,0
Arce,1,1,0,1,0,0,0,0,0,0
Arcidosso,1,0,0,1,0,0,0,0,0,0
Arese,2,1,0,1,0,0,0,0,0,0
Arezzo,13,7,0,7,0,0,2,2,0,0
Argelato,1,1,0,1,0,0,0,0,0,0
Argenta,1,0,0,1,0,0,0,0,0,0
Ariccia,1,1,0,1,0,0,0,0,0,0
Arona,3,2,0,2,0,0,0,0,0,0
Arsago Seprio,1,0,0,1,0,0,0,0,0,0
Arzignano,1,0,0,1,0,0,1,1,0,1
Ascoli Piceno,7,7,0,7,0,0,0,0,0,1
Asiago,2,0,0,2,0,0,0,0,0,0
Asola,1,1,1,1,0,0,0,0,0,0
Asolo,3,3,3,3,0,0,0,0,0,0
Assago,2,2,0,2,0,0,0,0,0,0
Assisi,1,0,0,1,0,0,0,0,0,0
Atri,2,2,0,2,0,0,0,0,0,0
Avezzano,1,1,0,1,0,0,0,0,0,0
Avigliana,1,0,0,1,0,0,0,0,0,0
Azzano Decimo,1,1,0,1,0,0,0,0,0,1
Azzano Mella,1,1,0,1,0,0,0,0,0,0
Azzate,1,1,0,1,0,0,0,0,0,0
Baranzate,2,1,0,1,0,0,0,0,0,0
Barbariga,1,1,0,1,0,0,0,0,0,0
Bareggio,1,1,0,1,0,0,0,0,0,0
Bari,10,5,0,9,0,0,0,0,0,0
Baricella,1,1,0,1,0,0,0,0,0,0
Barletta,4,2,0,2,1,0,0,1,0,0
Barrea,1,1,0,0,0,0,0,0,0,0
Barzio,1,1,0,1,0,0,0,0,0,0
Basciano,1,1,0,1,0,0,0,0,0,0
Basiglio,1,1,0,1,0,0,0,0,0,0
Bassano Romano,1,0,0,0,0,0,0,0,0,0
Bassano del Grappa,8,4,0,6,0,0,0,0,0,1
Bellano,1,1,0,1,0,0,0,0,0,0
Bellinzago lombardo,1,1,0,0,0,0,0,0,0,0
Belluno,1,0,0,0,0,0,0,0,0,0
Bentivoglio,1,1,0,1,0,0,0,0,0,0
Bergamo,40,38,3,40,1,0,0,1,0,0
Berlingo,1,1,0,1,0,0,0,0,0,0
Besnate,1,0,0,1,0,0,0,0,0,0
Biella,40,18,1,34,3,0,0,3,0,0
Bientina,1,1,0,1,0,0,0,0,0,0
Binasco,1,1,0,1,0,0,0,0,0,0
Binetto,1,0,0,0,0,0,0,0,0,0
Bisceglie,1,0,0,0,0,0,0,0,0,0
Blera,1,0,0,0,0,0,0,0,0,0
Bollate,5,5,0,5,0,0,0,0,0,0
Bologna,38,22,16,37,2,0,1,3,0,0
Bonate Sopra,1,1,0,1,0,0,0,0,0,0
Bonate Sotto,1,1,0,1,0,0,0,0,0,0
Bondeno,1,0,0,1,0,0,0,0,0,0
Borgia,2,0,0,0,0,0,0,0,0,0
Borgo San Giacomo,1,1,0,1,0,0,0,0,0,0
Borgo San Lorenzo,1,0,0,0,0,0,0,0,0,0
Borgo Tossignano,1,1,0,1,0,0,0,0,0,0
Borgomanero,3,2,0,3,0,0,0,0,0,0
Borgosatollo,1,1,0,1,0,0,0,0,0,0
Borgosesia,2,0,0,2,0,0,0,0,0,0
Bottanuco,1,1,0,1,0,0,0,0,0,0
Botticino,1,1,0,1,0,0,0,0,0,0
Bovegno,1,0,1,1,0,0,0,0,0,0
Boves,1,1,1,1,0,0,0,0,0,0
Bovezzo,1,0,1,1,0,0,0,0,0,0
Bra,2,1,1,1,1,0,0,1,0,1
Bracciano,2,0,0,0,0,0,0,0,0,0
Brandico,1,1,0,1,0,0,0,0,0,0
Breganze,1,1,1,1,0,0,0,0,0,0
Brembate,1,1,0,1,0,0,0,0,0,0
Brembate di Sopra,1,1,0,1,0,0,0,0,0,0
Breno,1,1,0,1,0,0,0,0,0,0
Brescia,29,25,12,28,0,0,2,2,0,1
Bresso,7,0,0,7,0,0,0,0,0,0
Brindisi,15,6,3,9,0,0,1,1,0,0
Brione,1,0,1,1,0,0,0,0,0,0
Brisighella,2,2,0,2,0,0,0,0,0,0
Broni,1,1,0,1,0,0,0,0,0,0
Brugherio,1,1,1,1,0,0,0,0,0,0
Buccinasco,1,1,0,1,0,0,0,0,0,0
Budrio,1,1,0,1,0,0,0,0,0,0
Buggiano,1,1,0,1,0,0,0,0,0,0
Bussero,2,2,0,2,0,0,0,0,0,0
Busto Arsizio,4,4,0,4,0,0,0,0,0,1
Busto Garolfo,1,1,0,1,0,0,0,0,0,0
Buti,1,1,0,1,0,0,0,0,0,0
Cagli,2,2,0,2,0,0,0,0,0,0
Cagliari,16,15,0,16,0,0,0,0,0,0
Caino,1,0,1,1,0,0,0,0,0,0
Cairate,1,0,0,1,0,0,0,0,0,0
Calci,1,1,0,1,0,0,0,0,0,0
Calcinaia,1,1,0,1,0,0,0,0,0,0
Calderara di Reno,1,1,0,1,0,0,0,0,0,0
Calusco d’Adda,2,2,0,2,0,0,0,0,0,0
Caluso,1,1,0,1,1,0,0,1,0,0
Cambiago,1,1,0,0,0,0,0,0,0,0
Camerino,1,1,0,1,0,0,0,0,0,0
Campagna Lupia,1,0,0,1,0,0,0,0,0,0
Campagnatico,1,0,0,1,0,0,0,0,0,0
Campi Bisenzio,1,0,0,0,0,0,0,0,0,0
Campi Salentina,1,0,0,1,0,0,0,0,0,0
Campli,1,1,0,1,0,0,0,0,0,0
Campolongo Maggiore,1,0,0,1,0,0,0,0,0,0
Camponogara,1,0,0,1,0,0,0,0,0,0
Camposanto,1,0,0,1,0,0,0,0,0,0
Camugnano,1,1,0,1,0,0,0,0,0,0
Canegrate,1,1,0,1,0,0,0,0,0,0
Canosa di Puglia,1,0,0,0,0,0,0,0,0,0
Cantagallo,1,1,0,1,0,0,0,0,0,0
Cantù,1,1,0,1,0,0,0,0,0,0
Canzano,1,1,0,1,0,0,0,0,0,0
Caorle,1,1,0,1,0,0,0,0,0,0
Capalbio,2,0,0,2,0,0,0,0,0,0
Capannoli,1,1,0,1,0,0,0,0,0,0
Capena,3,0,0,0,0,0,0,0,0,0
Capranica,1,0,0,0,0,0,0,0,0,0
Caprarola,1,0,0,0,0,0,0,0,0,0
Capriano del Colle,1,1,0,1,0,0,0,0,0,0
Capriate San Gervasio,1,1,0,1,0,0,0,0,0,0
Caprino Bergamasco,1,1,0,1,0,0,0,0,0,0
Capriolo,1,1,0,1,0,0,0,0,0,0
Capriva del Friuli,1,1,0,0,0,0,0,0,0,0
Carate Brianza,1,1,1,1,0,0,0,0,0,0
Carbognano,1,0,0,0,0,0,0,0,0,0
Carbonia,2,2,0,2,0,0,0,0,0,0
Cardano al Campo,2,1,0,2,0,0,0,0,0,0
Carmagnola,3,3,0,3,1,0,0,1,0,0
Carmignano,1,1,0,1,0,0,0,0,0,0
Caronno Pertusella,1,0,0,1,0,0,0,0,0,0
Carpegna,2,2,0,2,0,0,0,0,0,0
Carpiano,1,0,0,1,0,0,0,0,0,0
Carrara,6,5,0,5,0,0,0,0,0,0
Carugate,1,1,0,0,0,0,0,0,0,0
Carvico,1,1,0,1,0,0,0,0,0,0
Casale Marittimo,1,1,0,1,0,0,0,0,0,0
Casalecchio di Reno,1,1,0,1,0,0,0,0,0,0
Casalfiumanese,1,1,0,1,0,0,0,0,0,0
Casalmaggiore,4,4,0,4,0,0,0,0,0,0
Casalpusterlengo,3,3,1,3,0,0,0,0,0,0
Casamassima,2,0,0,2,0,0,0,0,0,0
Casarano,1,0,0,1,0,0,0,0,0,0
Casarile,1,1,0,1,0,0,0,0,0,0
Casciana Terme-Lari,1,1,0,1,0,0,0,0,0,0
Cascina,1,1,0,1,0,0,0,0,0,0
Casola Valsenio,2,2,0,2,0,0,0,0,0,0
Casole d’Elsa,2,0,2,2,0,0,0,0,0,0
Casorate Sempione,1,0,0,1,0,0,0,0,0,0
Cassano Magnago,1,0,0,1,0,0,0,0,0,0
Cassano delle Murge,1,0,0,0,0,0,0,0,0,0
Cassano d’Adda,3,2,0,2,0,0,0,0,0,0
Cassina de’Pecchi,1,1,0,0,0,0,0,0,0,0
Cassino,2,1,0,2,0,0,0,0,0,0
Castano Primo,4,4,0,4,0,0,0,0,0,1
Castegnato,1,1,0,1,0,0,0,0,0,0
Castel Bolognese,2,2,0,2,0,0,0,0,0,0
Castel Frentano,3,3,0,3,0,0,0,0,0,0
Castel Guelfo di Bologna,1,1,0,1,0,0,0,0,0,0
Castel Maggiore,1,1,0,1,0,0,0,0,0,0
Castel Mella,1,1,0,1,0,0,0,0,0,0
Castel San Giovanni,1,1,1,1,0,0,0,0,0,0
Castel San Pietro Terme,1,1,0,1,0,0,0,0,0,0
Castel del Rio,1,1,0,1,0,0,0,0,0,0
Castel di Casio,1,1,0,1,0,0,0,0,0,0
Castel di Sangro,3,1,0,0,0,0,0,0,0,0
Castel d’Aiano,1,1,0,1,0,0,0,0,0,0
Castelcovati,1,1,0,1,0,0,0,0,0,0
Castelfiorentino,1,0,0,1,0,0,0,0,0,0
Castelfranco Emilia,1,1,0,1,0,0,0,0,0,0
Castelfranco Veneto,4,4,0,4,0,0,0,0,0,1
Castelfranco di Sotto,1,1,0,1,0,0,0,0,0,0
Castellalto,1,1,0,1,0,0,0,0,0,0
Castellana Grotte,3,3,0,3,0,0,0,0,0,0
Castellaneta,1,1,0,1,0,0,0,0,0,0
Castelleone,1,1,0,1,0,0,0,0,0,0
Castelletto sopra Ticino,1,1,0,1,0,0,0,0,0,0
Castelli,1,1,0,1,0,0,0,0,0,0
Castellina Marittima,1,1,0,1,0,0,0,0,0,0
Castello d’Argile,1,1,0,1,0,0,0,0,0,0
Castelnuovo di Porto,1,0,0,0,0,0,0,0,0,0
Castenaso,1,1,0,1,0,0,0,0,0,0
Castenedolo,1,1,0,1,0,0,0,0,0,0
Castiglione dei Pepoli,1,1,0,1,0,0,0,0,0,0
Castiglione della Pescaia,1,0,0,1,0,0,0,0,0,0
Castiglione d’Adda,1,1,0,1,0,0,0,0,0,0
Castilenti,1,1,0,1,0,0,0,0,0,0
Castrezzato,1,1,0,1,0,0,0,0,0,0
Castrovillari,2,2,0,2,0,0,0,0,0,0
Catanzaro,35,35,3,35,1,0,0,1,0,1
Cattolica,1,1,0,1,0,0,0,0,0,1
Cavaria con Premezzo,1,0,0,1,0,0,0,0,0,0
Cavarzere,2,0,0,2,0,0,0,0,0,0
Cavezzo,2,0,0,2,0,0,0,0,0,0
Ceccano,14,13,4,14,1,0,1,2,0,0
Ceggia,1,1,0,1,0,0,0,0,0,0
Cellatica,1,1,0,1,0,0,0,0,0,0
Cellino Attanasio,1,1,0,1,0,0,0,0,0,0
Cento,2,1,0,2,0,0,0,0,0,0
Cernusco sul Naviglio,3,2,2,3,0,0,0,0,0,0
Cerro Maggiore,1,1,0,1,0,0,0,0,0,1
Cerro al Lambro,1,0,0,1,0,0,0,0,0,0
Cerveteri,1,1,0,1,0,0,0,0,0,0
Cervia,1,0,0,1,0,0,0,0,0,0
Cesate,1,0,0,0,0,0,0,0,0,0
Cesena,6,4,1,6,2,0,0,2,0,0
Cesenatico,1,1,0,1,0,0,0,0,0,0
Cetona,1,0,0,1,0,0,0,0,0,0
Ceva,5,2,0,2,0,0,0,0,0,0
Chianciano Terme,1,0,0,1,0,0,0,0,0,0
Chianni,1,1,0,1,0,0,0,0,0,0
Chiari,2,2,0,2,0,0,0,0,0,0
Chiavari,6,5,0,6,2,0,0,2,0,2
Chiavenna,1,1,0,1,0,0,0,0,0,0
Chieri,1,1,0,1,0,0,0,0,0,0
Chiesina Uzzanese,1,1,0,1,0,0,0,0,0,0
Chieti,39,35,9,39,0,0,0,0,0,0
Chignolo d’Isola,1,1,0,1,0,0,0,0,0,0
Chioggia,3,2,0,3,0,0,0,0,0,0
Chiusi,1,0,0,1,0,0,0,0,0,0
Chivasso,3,3,0,3,0,0,0,0,0,0
Cinigiano,1,0,0,1,0,0,0,0,0,0
Cinisello Balsamo,8,8,8,8,0,0,0,0,0,1
Cinto Caomaggiore,1,1,0,1,0,0,0,0,0,0
Ciriè,1,0,0,1,0,0,0,0,0,0
Cirié,2,2,0,2,0,0,0,0,0,0
Cisano Bergamasco,1,1,0,1,0,0,0,0,0,0
Cislago,1,0,0,1,0,0,0,0,0,0
Cisterna di Latina,4,4,0,4,0,0,0,0,0,0
Città della Pieve,2,0,0,2,0,0,0,0,0,0
Città di Castello,1,0,0,1,0,0,0,0,0,0
Civitanova Marche,2,2,0,2,0,0,0,0,0,0
Civitavecchia,4,0,0,1,0,0,0,0,0,0
Civitella Alfedena,1,1,0,0,0,0,0,0,0,0
Civitella Paganico,1,0,0,1,0,0,0,0,0,0
Civitella del Tronto,1,1,0,1,0,0,0,0,0,0
Coccaglio,1,1,0,1,0,0,0,0,0,0
Codigoro,2,1,0,2,0,0,0,0,0,0
Codogno,1,1,0,1,0,0,0,0,0,0
Cogollo del Cengio,2,2,0,2,0,0,0,0,0,0
Colfelice,1,1,0,1,0,0,0,0,0,0
Colle di Val d'Elsa,1,0,0,1,1,0,0,1,0,0
Colle di Val d’Elsa,2,0,1,2,0,0,0,0,0,0
Collebeato,1,1,0,1,0,0,0,0,0,0
Colleferro,2,0,0,2,0,0,0,0,0,0
Collegno,1,1,0,1,0,0,0,0,0,0
Cologne,1,1,0,1,0,0,0,0,0,0
Colturano,1,0,0,1,0,0,0,0,0,0
Comacchio,2,0,0,2,0,0,0,0,0,0
Comezzano-Cizzago,1,1,0,1,0,0,0,0,0,0
Como,19,17,15,18,0,0,0,0,0,2
Cona,1,0,0,1,0,0,0,0,0,0
Concesio,1,0,1,1,0,0,0,0,0,0
Concordia Sagittaria,1,1,0,1,0,0,0,0,0,0
Conversano,3,1,0,0,1,0,0,1,0,0
Copparo,3,1,0,3,0,0,0,0,0,0
Cori,1,0,0,1,0,0,0,0,0,0
Coriano,1,1,0,1,0,0,0,0,0,0
Corigliano-Rossano,1,1,0,0,0,0,0,0,0,0
Cormano,2,0,0,2,0,0,0,0,0,0
Cormons,1,1,0,0,0,0,0,0,0,0
Cornaredo,1,0,0,0,0,0,0,0,0,0
Corsico,2,2,0,2,0,0,0,0,0,1
Corte Franca,1,1,0,1,0,0,0,0,0,0
Corzano,1,1,0,1,0,0,0,0,0,0
Cosenza,15,10,2,11,0,0,1,1,0,0
Cossato,3,2,0,2,0,0,0,0,0,0
Crema,8,8,1,8,0,0,0,0,0,0
Cremona,24,24,22,24,1,0,3,4,0,1
Crespina-Lorenzana,1,1,0,1,0,0,0,0,0,0
Crevalcore,1,1,0,1,0,0,0,0,0,0
Crotone,1,1,0,1,0,0,0,0,0,0
Cuneo,8,7,0,7,1,0,0,1,0,0
Cusago,1,1,0,1,0,0,0,0,0,0
Dairago,1,1,0,1,0,0,0,0,0,0
Darfo Boario Terme,1,1,0,1,0,0,1,1,0,0
Decollatura,1,1,0,1,0,0,0,0,0,0
Dello,1,1,0,1,0,0,0,0,0,0
Desenzano del Garda,4,0,0,4,0,0,0,0,0,1
Desio,1,1,1,1,0,0,0,0,0,0
Dipignano,5,0,0,5,0,0,0,0,0,0
Doberdò del Lago,1,1,0,0,0,0,0,0,0,0
Dolegna del Collio,1,1,0,0,0,0,0,0,0,0
Dolo,2,1,0,2,0,0,0,0,0,0
Dongo,1,1,0,1,0,0,0,0,0,0
Dozza,1,1,0,1,0,0,0,0,0,0
Dresano,1,0,0,1,0,0,0,0,0,0
Dronero,1,0,0,0,0,0,0,0,0,0
Elini,1,1,0,1,0,0,0,0,0,0
Empoli,1,0,0,0,0,0,0,0,0,0
Eraclea,1,1,0,1,0,0,0,0,0,0
Erba,2,2,0,2,0,0,0,0,0,0
Erbusco,1,1,0,1,0,0,0,0,0,0
FORMIA,1,1,0,1,0,0,0,0,0,0
Fabriano,2,0,0,2,0,0,0,0,0,0
Faenza,11,8,5,10,2,0,1,3,0,0
Falconara Marittima,1,0,0,1,0,0,0,0,0,0
Falerone,2,1,0,0,0,0,0,0,0,0
Falvaterra,1,1,0,1,0,0,0,0,0,0
Fano,3,2,0,3,0,0,0,0,0,0
Farra d'Isonzo,1,1,0,0,0,0,0,0,0,0
Fauglia,1,1,0,1,0,0,0,0,0,0
Ferentino,1,1,1,1,0,0,0,0,0,0
Fermo,23,20,0,12,0,0,0,0,0,0
Ferno,1,0,0,1,0,0,0,0,0,0
Ferrara,42,42,19,42,2,0,5,6,0,1
Fiesso D'Artico,1,0,0,1,0,0,0,0,0,0
Figline e Incisa Valdarno,1,0,0,0,0,0,0,0,0,0
Filago,1,1,0,1,0,0,0,0,0,0
Finale Emilia,2,0,0,2,0,0,0,0,0,0
Fino Mornasco,1,1,0,1,0,0,0,0,0,0
Fiorano Modenese,1,1,0,1,0,0,0,0,0,0
Fiorenzuola d'Arda,1,1,1,1,0,0,0,0,0,0
Firenze,17,10,0,11,2,0,0,2,0,0
Fiuggi,6,6,0,6,2,0,0,2,0,0
Flero,1,1,0,1,0,0,0,0,0,0
Foggia,14,14,0,14,0,0,1,1,0,0
Fogliano Redipuglia,1,1,0,0,0,0,0,0,0,0
Folignano,1,1,0,1,0,0,0,0,0,0
Foligno,1,0,0,1,0,0,0,0,0,0
Follonica,2,0,0,2,0,0,0,0,0,0
Fontanelice,1,1,0,1,0,0,0,0,0,0
Forli,2,2,1,2,0,0,0,0,0,0
Forlì,1,1,0,1,0,0,0,0,0,0
Formello,2,0,0,0,0,0,0,0,0,0
Formigine,1,1,0,1,0,0,0,0,0,0
Fossacesia,3,3,0,3,0,0,0,0,0,0
Fossalta di Piave,1,1,0,1,0,0,0,0,0,0
Fossalta di Portogruaro,1,1,0,1,0,0,0,0,0,0
Fossano,3,2,0,2,0,0,0,0,0,0
Fossombrone,2,2,0,2,0,0,0,0,0,0
Fossò,1,0,0,1,0,0,0,0,0,0
Frisa,3,3,0,3,0,0,0,0,0,0
Frosinone,47,44,16,44,3,0,0,3,0,0
Gaggio Montano,1,1,0,1,0,0,0,0,0,0
Gagliano del Capo,1,0,0,1,0,0,0,0,0,0
Galatina,2,0,0,2,1,0,0,1,0,0
Gallarate,1,1,0,1,0,0,0,0,0,1
Galliera,1,1,0,1,0,0,0,0,0,0
Galliera Veneta,1,0,0,0,0,0,0,0,0,0
Gallipoli,2,0,0,2,0,0,0,0,0,0
Garbagnate Milanese,4,4,2,4,0,0,0,0,0,0
Gardone Val Trompia,1,0,1,1,0,0,0,0,0,0
Gargnano,1,0,0,1,0,0,0,0,0,0
Gattinara,1,1,1,1,1,0,0,1,0,0
Gavorrano,1,0,0,1,0,0,0,0,0,0
Gemmano,1,0,0,1,0,0,0,0,0,0
Genova,23,17,0,19,0,0,0,0,0,0
Gerenzano,1,0,0,1,0,0,0,0,0,0
Gessate,1,1,0,0,0,0,0,0,0,0
Ghedi,57,50,7,53,1,0,0,1,0,0
Ghilarza,1,1,0,1,0,0,0,0,0,0
Giaveno,1,1,0,1,0,0,0,0,0,0
Ginosa,4,3,0,4,0,0,1,1,0,0
Gioia del Colle,5,3,2,5,0,0,1,1,0,0
Giulianova,1,1,0,1,0,0,0,0,0,0
Giussano,4,4,0,4,0,0,0,0,0,0
Golasecca,1,0,0,1,0,0,0,0,0,0
Gorgonzola,1,1,0,0,0,0,0,0,0,0
Gorizia,20,20,0,8,0,0,0,0,0,1
Gradisca d'Isonzo,1,1,0,0,0,0,0,0,0,0
Grado,1,1,0,0,0,0,0,0,0,0
Granarolo dell’Emilia,1,1,0,1,0,0,0,0,0,0
Grezzago,1,1,0,0,0,0,0,0,0,0
Grizzana Morandi,1,1,0,1,0,0,0,0,0,0
Grosseto,9,0,0,8,0,0,1,1,0,0
Grottaferrata,8,8,0,8,8,0,0,8,0,0
Gruaro,1,1,0,1,0,0,0,0,0,0
Grugliasco,1,1,0,1,0,0,0,0,0,0
Grumello del Monte,1,1,0,1,0,0,0,0,0,0
Grumo Appula,3,3,2,3,0,0,0,0,0,0
Guardiagrele,4,4,4,4,0,0,1,1,0,1
Guardistallo,1,1,0,1,0,0,0,0,0,0
Gubbio,1,0,0,1,0,0,0,0,0,0
Guidizzolo,1,1,1,1,0,0,0,0,0,0
Guspini,1,1,0,1,0,0,0,0,0,0
Gussago,1,1,0,1,0,0,0,0,0,0
Iglesias,1,1,0,1,0,0,0,0,0,0
Imola,8,5,0,9,1,0,0,1,0,0
Imperia,3,3,0,3,0,0,0,0,0,0
Inzago,2,2,0,2,0,0,0,0,0,0
Irma,1,0,1,1,0,0,0,0,0,0
Iseo,2,2,0,2,0,0,0,0,0,0
Isola del Giglio,1,0,0,1,0,0,0,0,0,0
Jerago con Orago,1,0,0,1,0,0,0,0,0,0
Jesi,2,0,0,2,0,0,0,0,0,0
Jesolo,1,1,0,1,0,0,0,0,0,0
Jolanda di Savoia,1,1,0,1,0,0,0,0,0,0
L'Aquila,6,4,1,5,0,0,0,0,0,0
La Spezia,4,4,0,4,0,0,0,0,0,1
Lacchiarella,1,1,0,1,0,0,0,0,0,0
Ladispoli,1,1,0,1,0,0,0,0,0,0
Lainate,1,0,0,0,0,0,0,0,0,0
Lajatico,1,1,0,1,0,0,0,0,0,0
Lamezia Terme,14,8,0,8,0,0,0,0,0,0
Lamporecchio,1,1,0,1,0,0,0,0,0,0
Lanciano,25,25,8,25,0,0,0,0,0,3
Lanusei,3,3,0,3,0,0,0,0,0,0
Larciano,1,1,0,1,0,0,0,0,0,0
Lastra a Signa,1,0,0,0,0,0,0,0,0,0
Laterza,1,1,0,1,0,0,0,0,0,0
Latiano,2,0,0,2,0,0,0,0,0,0
Latina,2,2,0,2,1,0,0,1,0,0
Lavagna,1,0,0,1,0,0,0,0,0,0
Lecce,14,7,11,14,0,0,0,0,0,0
Lecco,23,23,21,23,0,2,3,5,0,0
Legnago,2,0,0,2,0,0,0,0,0,0
Legnano,9,9,0,9,1,0,0,1,0,0
Lendinara,2,0,0,2,0,0,0,0,0,0
Lessolo,4,1,0,3,0,0,0,0,0,0
Liscate,1,1,0,0,0,0,0,0,0,0
Livorno,11,0,0,11,0,0,1,1,0,0
Lizzano in Belvedere,1,1,0,1,0,0,0,0,0,0
Locate di Triulzi,1,1,0,1,0,0,0,0,0,0
Locorotondo,3,3,0,3,0,0,0,0,0,0
Lodi,12,12,12,12,0,0,3,3,0,0
Lodi Vecchio,1,1,1,1,0,0,0,0,0,0
Lodrino,1,0,1,1,0,0,0,0,0,0
Lograto,1,1,0,1,0,0,0,0,0,0
Loiano,1,1,0,1,0,0,0,0,0,0
Lonate Pozzolo,1,0,0,1,0,0,0,0,0,0
Lonato del Garda,1,0,0,1,0,0,0,0,0,0
Longhena,1,1,0,1,0,0,0,0,0,0
Lovere,1,1,0,1,0,0,0,0,0,0
Lucca,8,8,1,8,0,0,1,1,0,0
Lugo,2,1,0,1,1,0,0,1,0,0
Luino,1,1,0,1,0,0,0,0,0,0
Lumezzane,1,0,1,1,0,0,0,0,0,0
L’Aquila,3,3,0,3,0,0,0,0,0,0
Macerata,23,21,2,23,0,0,1,1,0,1
Macherio,1,0,0,1,0,0,0,0,0,0
Maclodio,1,1,0,1,0,0,0,0,0,0
Macomer,2,1,0,2,0,0,0,0,0,0
Madone,1,1,0,1,0,0,0,0,0,0
Magenta,5,4,0,5,0,0,0,0,0,0
Magliano in Toscana,1,0,0,1,0,0,0,0,0,0
Maglie,1,0,0,1,0,0,0,0,0,0
Mairano,1,1,0,1,0,0,0,0,0,0
Malalbergo,1,1,0,1,0,0,0,0,0,0
Malito,5,0,0,5,0,0,0,0,0,0
Malo,2,2,0,2,0,0,0,0,0,0
Manciano,2,0,0,2,0,0,0,0,0,0
Manduria,1,1,0,1,0,0,0,0,0,0
Manerbio,1,0,0,1,0,0,0,0,0,0
Maniago,1,1,0,1,0,0,0,0,0,1
Mantova,11,11,11,11,0,0,0,0,0,1
Mapello,1,1,0,1,0,0,0,0,0,0
Maranello,1,1,0,1,0,0,0,0,0,0
Marano Ticino,1,0,0,1,0,0,0,0,0,0
Marano Vicentino,2,2,0,2,0,0,0,0,0,0
Marcheno,1,0,1,1,0,0,0,0,0,0
Marcon,1,0,0,1,0,0,0,0,0,0
Margherita di Savoia,1,0,0,0,0,0,0,0,0,0
Mariano Comense,1,1,0,1,0,0,0,0,0,0
Mariano del Friuli,1,1,0,0,0,0,0,0,0,0
Marliana,1,1,0,1,0,0,0,0,0,0
Marmentino,1,0,1,1,0,0,0,0,0,0
Marnate,1,1,0,1,0,0,0,0,0,0
Marone,1,1,0,1,0,0,0,0,0,0
Marsciano,1,0,0,1,0,0,0,0,0,0
Martano,1,0,0,1,0,0,0,0,0,0
Martellago,1,0,0,1,0,0,0,0,0,0
Martinsicuro,2,2,0,2,0,0,0,0,0,0
Marzabotto,1,1,0,1,0,0,0,0,0,0
Marzi,5,0,0,5,0,0,0,0,0,0
Masi Torello,1,1,0,1,0,0,0,0,0,0
Massa,10,6,0,6,0,0,0,0,0,0
Massa Marittima,1,0,0,1,0,0,0,0,0,0
Massa e Cozzile,1,1,0,1,0,0,0,0,0,0
Matera,1,0,0,1,0,0,0,0,0,0
Mazzano,1,1,0,1,0,0,0,0,0,0
Medea,1,1,0,0,0,0,0,0,0,0
Medicina,1,1,0,1,0,0,0,0,0,0
Mediglia,2,0,0,2,0,0,0,0,0,0
Medolago,1,1,0,1,0,0,0,0,0,0
Medolla,1,0,0,1,0,0,0,0,0,0
Melegnano,1,1,0,1,0,0,0,0,0,0
Melzo,6,6,5,6,0,0,0,0,0,1
Menaggio,1,1,0,1,0,0,0,0,0,0
Mendicino,1,1,0,1,0,0,0,0,0,0
Meolo,1,1,0,1,0,0,0,0,0,0
Merate,4,4,0,4,1,0,0,1,0,0
Mesero,1,1,0,1,0,0,0,0,0,0
Milano,51,40,10,47,1,0,0,1,0,1
Minerbio,1,1,0,1,0,0,0,0,0,0
Minervino Murge,1,0,0,0,0,0,0,0,0,0
Mira,2,2,0,2,0,0,0,0,0,0
Mirandola,2,0,0,2,0,0,0,0,0,0
Mirano,2,1,0,2,0,0,0,0,0,0
Misano Adriatico,1,1,0,1,0,0,0,0,0,0
Modena,18,13,5,17,0,0,0,0,0,0
Mola di Bari,2,0,0,2,0,0,0,0,0,1
Molinella,1,1,0,1,0,0,0,0,0,0
Mombasiglio,1,0,0,0,0,0,0,0,0,0
Moncalieri,1,1,0,1,0,0,0,0,0,0
Mondaino,1,0,0,1,0,0,0,0,0,0
Mondovi,5,4,0,4,0,0,0,0,0,0
Mondovì,1,0,0,0,0,0,0,0,0,0
Monfalcone,2,2,0,2,0,0,0,0,0,1
Monghidoro,1,1,0,1,0,0,0,0,0,0
Monsummano Terme,1,1,0,1,0,0,0,0,0,0
Montale,1,1,0,1,0,0,0,0,0,0
Monte Argentario,1,0,0,1,0,0,0,0,0,0
Monte Isola,1,1,0,1,0,0,0,0,0,0
Monte San Pietro,1,1,0,1,0,0,0,0,0,0
Monte Urano,1,1,0,0,0,0,0,0,0,0
Montebelluna,3,3,0,3,0,0,0,0,0,0
Montecatini Terme,1,1,0,1,0,0,0,0,0,0
Montecatini Val Di Cecina,1,1,0,1,0,0,0,0,0,0
Montefino,1,1,0,1,0,0,0,0,0,0
Montefiore Conca,1,0,0,1,0,0,0,0,0,0
Montegridolfo,1,0,0,1,0,0,0,0,0,0
Montemurlo,1,1,0,1,0,0,0,0,0,0
Montepulciano,2,0,0,2,0,0,0,0,0,0
Monterenzio,1,1,0,1,0,0,0,0,0,0
Monterosi,1,0,0,0,0,0,0,0,0,0
Monterotondo Marittimo,1,0,0,1,0,0,0,0,0,0
Monterubbiano,1,1,0,0,0,0,0,0,0,0
Montescudaio,1,1,0,1,0,0,0,0,0,0
Montescudo-Montecolombo,1,1,0,1,0,0,0,0,0,0
Montese,1,1,0,1,0,0,0,0,0,0
Monteverdi Marittimo,1,1,0,1,0,0,0,0,0,0
Monticelli Brusati,1,1,0,1,0,0,0,0,0,0
Montieri,1,0,0,1,0,0,0,0,0,0
Montignoso,3,2,0,2,0,0,0,0,0,0
Montirone,1,1,0,1,0,0,0,0,0,0
Montorio Romano,2,0,0,0,0,0,0,0,0,0
Montorio al Vomano,1,1,0,1,0,0,0,0,0,0
Monza,11,10,11,10,0,0,0,0,0,1
Monzuno,1,1,0,1,0,0,0,0,0,0
Moraro,1,1,0,0,0,0,0,0,0,0
Morbegno,1,1,0,1,1,0,0,1,0,0
Morciano di Romagna,1,1,0,1,0,0,0,0,0,0
Mordano,1,1,0,1,0,0,0,0,0,0
Morlupo,1,1,0,1,0,0,0,0,0,0
Mossa,1,1,0,0,0,0,0,0,0,0
Motta Visconti,1,1,0,1,0,0,0,0,0,0
Mozzagrogna,3,3,0,3,0,0,0,0,0,0
Musile di Piave,1,1,0,1,0,0,0,0,0,0
Nardo,1,0,0,1,0,0,0,0,0,0
Narni,1,0,0,1,0,0,0,0,0,0
Nave,1,0,1,1,0,0,0,0,0,0
Nepi,1,0,0,0,0,0,0,0,0,0
Nerviano,2,2,0,2,0,0,0,0,0,0
Nettuno,2,2,1,2,0,0,0,0,0,0
Nichelino,1,1,0,1,0,0,0,0,0,0
Niella Tanaro,1,0,0,0,0,0,0,0,0,0
Noale,2,1,0,2,0,0,0,0,0,0
Noci,3,3,0,3,0,0,0,0,0,0
Noicattaro,2,0,0,2,0,0,0,0,0,0
Norcia,1,0,0,1,0,0,0,0,0,0
Novafeltria,1,1,0,1,0,0,0,0,0,0
Novara,6,6,0,6,0,0,0,0,0,0
Novate Milanese,1,0,0,0,0,0,0,0,0,0
Noventa di Piave,1,1,0,1,0,0,0,0,0,0
Noviglio,1,1,0,1,0,0,0,0,0,0
Nuoro,12,11,0,12,0,0,0,0,0,0
Nuvolento,1,1,0,1,0,0,0,0,0,0
Nuvolera,1,1,0,1,0,0,0,0,0,0
Oderzo,1,0,0,1,0,0,0,0,0,0
Oggiona con Santo Stefano,1,0,0,1,0,0,0,0,0,0
Olbia,2,1,0,2,0,0,0,0,0,0
Olgiate Comasco,1,1,0,1,0,0,0,0,0,0
Ome,1,1,0,1,0,0,0,0,0,0
Opera,1,1,0,1,0,0,0,0,0,0
Opi,1,1,0,0,0,0,0,0,0,0
Orbassano,2,2,0,2,0,0,0,0,0,0
Orbetello,2,0,0,2,0,0,0,0,0,0
Orciano Pisano,1,1,0,1,0,0,0,0,0,0
Origgio,1,0,0,1,0,0,0,0,0,0
Oriolo Romano,2,1,0,1,0,0,0,0,0,0
Oristano,10,9,0,10,0,0,0,0,0,0
Orsogna,3,3,0,3,0,0,0,0,0,0
Orte,1,0,0,0,0,0,0,0,0,0
Ortona,21,21,0,21,0,0,0,0,0,0
Orvieto,2,0,0,2,0,0,0,0,0,0
Orzinuovi,1,1,0,1,0,0,0,0,0,0
Orzivecchi,1,1,0,1,0,0,0,0,0,0
Osimo,1,0,0,1,0,0,0,0,0,0
Ospitaletto,2,2,0,2,0,0,0,0,0,0
Ostiglia,1,1,1,1,0,0,0,0,0,0
Ozieri,2,2,0,2,0,0,0,0,0,0
Ozzano dell’Emilia,1,1,0,1,0,0,0,0,0,0
Paderno Dugnano,3,3,0,3,0,0,0,0,0,0
Paderno Franciacorta,1,1,0,1,0,0,0,0,0,0
Padova,12,11,0,11,0,0,0,0,0,1
Palagianello,1,1,0,1,0,0,0,0,0,0
Palaia,1,1,0,1,0,0,0,0,0,0
Palazzolo sull'Oglio,6,6,4,6,0,0,0,0,0,1
Palmi,2,0,0,0,0,0,0,0,0,0
Pantigliate,1,0,0,1,0,0,0,0,0,0
Paola,2,2,0,2,0,0,0,0,0,0
Parabiago,1,1,0,1,0,0,0,0,0,0
Paratico,1,1,0,1,0,0,0,0,0,0
Parenti,5,0,0,5,0,0,0,0,0,0
Passirano,2,2,0,2,0,0,0,0,0,0
Pastena,1,1,0,1,0,0,0,0,0,0
Paterno,1,1,0,0,0,0,0,0,0,0
Paterno Calabro,3,0,3,3,0,0,0,0,0,0
Paullo,1,0,0,1,0,0,0,0,0,0
Pavia,23,23,20,23,1,0,2,3,0,1
Peccioli,1,1,0,1,0,0,0,0,0,0
Pero,2,1,0,1,0,0,0,0,0,0
Perosa Argentina,1,1,0,1,0,0,0,0,0,0
Perugia,12,0,0,12,0,0,0,0,0,0
Pesaro,6,4,2,6,0,0,1,1,0,1
Pescara,16,16,14,16,0,0,0,0,0,1
Peschiera Borromeo,1,0,0,1,0,0,0,0,0,1
Pescia,1,1,0,1,0,0,0,0,0,0
Pescocostanzo,1,1,0,0,0,0,0,0,0,0
Pessano con Bornago,1,1,0,0,0,0,0,0,0,0
Petritoli,1,1,0,0,0,0,0,0,0,0
Pezzaze,1,0,1,1,0,0,0,0,0,0
Piacenza,25,16,16,25,0,0,1,1,0,0
Pianiga,1,0,0,1,0,0,0,0,0,0
Pianoro,1,1,0,1,0,0,0,0,0,0
Pieve Emanuele,1,1,0,1,0,0,0,0,0,1
Pieve a Nievole,1,1,0,1,0,0,0,0,0,0
Pieve di Cento,1,1,0,1,0,0,0,0,0,0
Piglio,2,0,0,1,0,0,0,0,0,0
Pinerolo,5,3,2,5,1,0,0,1,0,0
Pineto,1,1,0,1,0,0,0,0,0,0
Pioltello,2,2,2,2,0,0,0,0,0,0
Pisa,10,10,5,10,1,0,0,1,0,0
Pistoia,8,8,0,8,0,0,0,0,0,1
Pitigliano,1,0,0,1,0,0,0,0,0,0
Pizzo,1,1,0,1,0,0,0,0,0,0
Poggiardo,1,0,0,1,0,0,0,0,0,0
Poggibonsi,2,0,2,2,0,0,0,0,0,0
Poggio a Caiano,1,1,0,1,0,0,0,0,0,0
Pogliano Milanese,1,0,0,0,0,0,0,0,0,0
Polaveno,1,0,1,1,0,0,0,0,0,0
Pomarance,2,2,0,2,0,0,0,0,0,0
Pompiano,1,1,0,1,0,0,0,0,0,0
Poncarale,1,1,0,1,0,0,0,0,0,0
Ponderano,2,0,0,1,0,0,0,0,0,0
Ponsacco,1,1,0,1,0,0,0,0,0,0
Pontassieve,1,0,0,0,0,0,0,0,0,0
Ponte Buggianese,1,1,0,1,0,0,0,0,0,0
Ponte San Pietro,2,2,0,2,0,0,0,0,0,0
Pontedera,3,3,0,3,0,0,0,0,0,0
Pontida,1,1,0,1,0,0,0,0,0,0
Pontoglio,1,1,0,1,0,0,0,0,0,0
Pordenone,17,17,0,17,0,0,1,1,0,1
Porto San Giorgio,1,1,0,0,0,0,0,0,0,0
Portogruaro,3,2,0,3,0,0,0,0,0,0
Potenza,1,0,0,1,0,0,0,0,0,0
Pozzo d’Adda,1,1,0,0,0,0,0,0,0,0
Pozzuolo Martesana,1,1,0,0,0,0,0,0,0,0
Pramaggiore,1,1,0,1,0,0,0,0,0,0
Prato,8,8,0,8,0,0,0,0,0,0
Pregnana Milanese,1,0,0,0,0,0,0,0,0,0
Presezzo,1,1,0,1,0,0,0,0,0,0
Priola,1,0,0,0,0,0,0,0,0,0
Priverno,3,0,0,3,1,0,0,1,0,0
Provaglio d'Iseo,1,1,0,1,0,0,0,0,0,0
Putignano,5,5,2,5,0,0,0,0,0,1
Quarrata,1,1,0,1,0,0,0,0,0,0
Quarto d’Altino,1,0,0,1,0,0,0,0,0,0
Quinto di Treviso,1,0,0,1,0,0,0,0,0,0
Quinzano d'Oglio,1,1,0,1,0,0,0,0,0,0
ROMA,1,1,0,1,0,0,0,0,0,0
Radicondoli,2,0,2,2,0,0,0,0,0,0
Ravenna,6,5,0,5,1,0,0,1,0,1
Rende,3,1,0,1,0,0,0,0,0,0
Rescaldina,1,1,0,1,0,0,0,0,0,0
Rezzato,1,1,0,1,0,0,0,0,0,0
Rho,14,14,2,14,1,0,0,1,0,1
Riccione,2,2,0,2,0,0,0,0,0,0
Rieti,12,12,0,12,0,0,0,0,0,0
Rimini,16,16,2,17,1,0,0,1,0,0
Riolo Terme,2,2,0,2,0,0,0,0,0,0
Riparbella,1,1,0,1,0,0,0,0,0,0
Riva del Po,1,0,0,1,0,0,0,0,0,0
Rivisondoli,1,1,0,0,0,0,0,0,0,0
Rivoli,2,1,1,2,0,0,0,0,0,0
Rocca Pia,1,1,0,0,0,0,0,0,0,0
Rocca San Giovanni,3,3,0,3,0,0,0,0,0,0
Rocca Santa Maria,1,1,0,1,0,0,0,0,0,0
Roccafranca,1,1,0,1,0,0,0,0,0,0
Roccaraso,1,1,0,0,0,0,0,0,0,0
Rodano,1,1,0,0,0,0,0,0,0,0
Rodengo Saiano,2,2,0,2,0,0,0,0,0,0
Roma,175,111,8,126,14,0,3,17,0,1
Romans d'Isonzo,1,1,0,0,0,0,0,0,0,0
Roncadelle,1,1,0,1,0,0,0,0,0,0
Ronchi dei Legionari,1,1,0,0,0,0,0,0,0,0
Ronciglione,1,0,0,0,0,0,0,0,0,0
Roseto degli Abruzzi,1,1,0,1,0,0,0,0,0,0
Rovato,1,1,0,1,0,0,0,0,0,0
Rovigo,9,9,0,9,0,0,0,0,0,0
Rozzano,1,1,1,1,0,0,0,0,0,1
Rudiano,1,1,0,1,0,0,0,0,0,0
Russi,1,0,0,1,0,0,0,0,0,0
Rutigliano,2,0,0,2,0,0,0,0,0,0
Sacile,1,1,0,1,0,0,0,0,0,1
Sagrado,1,1,0,0,0,0,0,0,0,0
Sala Bolognese,1,1,0,1,0,0,0,0,0,0
Sale Marasino,1,1,0,1,0,0,0,0,0,0
Salo,1,0,0,1,0,0,0,0,0,0
Saludecio,1,0,0,1,0,0,0,0,0,0
Saluzzo,3,3,0,3,0,0,0,0,0,0
Salzano,1,0,0,1,0,0,0,0,0,0
Samarate,1,0,0,1,0,0,0,0,0,0
Sambuca Pistoiese,1,1,0,1,0,0,0,0,0,0
Sammichele di Bari,2,0,0,2,0,0,0,0,0,0
San Benedetto Val di Sambro,1,1,0,1,0,0,0,0,0,0
San Benedetto del Tronto,1,1,0,1,0,0,0,0,0,0
San Canzian d'Isonzo,1,1,0,0,0,0,0,0,0,0
San Casciano dei Bagni,1,0,0,1,0,0,0,0,0,0
San Cesario sul Panaro,1,1,0,1,0,0,0,0,0,0
San Clemente,1,1,0,1,0,0,0,0,0,0
San Colombano al Lambro,1,1,0,1,0,0,0,0,0,0
San Dona di Piave,2,2,0,2,0,0,0,0,0,1
San Donato Milanese,1,1,1,1,0,0,0,0,0,1
San Felice sul Panaro,1,0,0,1,0,0,0,0,0,0
San Ferdinando di Puglia,1,0,0,0,0,0,0,0,0,0
San Floriano del Collio,1,1,0,0,0,0,0,0,0,0
San Gimignano,2,0,2,2,0,0,0,0,0,0
San Giorgio Bigarello,1,1,1,1,1,0,0,1,0,0
San Giorgio di Piano,1,1,0,1,0,0,0,0,0,0
San Giorgio su Legnano,1,1,0,1,0,0,0,0,0,0
San Giovanni Rotondo,1,1,0,1,0,0,0,0,0,0
San Giovanni Teatino,5,4,0,4,0,0,0,0,0,0
San Giovanni in Croce,1,1,0,1,0,0,0,0,0,0
San Giovanni in Marignano,1,1,0,1,0,0,0,0,0,0
San Giovanni in Persiceto,1,1,0,1,0,0,0,0,0,0
San Giuliano Milanese,1,0,0,1,0,0,0,0,0,0
San Giuliano Terme,1,1,0,1,0,0,0,0,0,0
San Lazzaro di Savena,2,2,0,3,0,0,0,0,0,1
San Lorenzo Isontino,1,1,0,0,0,0,0,0,0,0
San Maurizio d’Opaglio,1,0,0,1,0,0,0,0,0,0
San Michele al Tagliamento,1,1,0,1,0,0,0,0,0,0
San Miniato,2,2,0,2,1,0,0,1,0,0
San Paolo,1,1,0,1,0,0,0,0,0,0
San Pier d'Isonzo,1,1,0,0,0,0,0,0,0,0
San Pietro in Casale,1,1,0,1,0,0,0,0,0,0
San Possidonio,1,0,0,1,0,0,0,0,0,0
San Prospero,1,0,0,1,0,0,0,0,0,0
San Salvo,4,6,3,6,2,0,4,4,0,0
San Stino di Livenza,1,1,0,1,0,0,0,0,0,0
San Vito Chietino,3,3,0,3,0,0,0,0,0,0
San Vito al Tagliamento,1,1,0,1,0,0,0,0,0,1
San Vittore Olona,2,2,0,2,0,0,0,0,0,0
San Zeno Naviglio,1,1,0,1,0,0,0,0,0,0
San Zenone al Lambro,1,0,0,1,0,0,0,0,0,0
Sanluri,2,2,0,2,0,0,0,0,0,0
Sannicandro di Bari,1,0,0,0,0,0,0,0,0,0
Sanremo,1,1,0,1,0,0,0,0,0,1
Santa Croce sull'Arno,1,1,0,1,0,0,0,0,0,0
Santa Luce,1,1,0,1,0,0,0,0,0,0
Santa Maria Imbaro,3,3,0,3,0,0,0,0,0,0
Santa Maria a Monte,1,1,0,1,0,0,0,0,0,0
Santa Maria di Sala,1,0,0,1,0,0,0,0,0,0
Santarcangelo di Romagna,1,1,0,1,0,0,0,0,0,0
Santhia,1,1,1,1,1,0,0,1,0,0
Santhià,1,0,1,1,0,0,0,0,0,0
Sant’Agata Bolognese,1,1,0,1,0,0,0,0,0,0
Sant’Angelo Lodigiano,1,1,1,1,0,0,0,0,0,0
Sant’Elpidio a Mare,1,1,0,0,0,0,0,0,0,0
Sarezzo,1,0,1,1,0,0,0,0,0,0
Saronno,2,2,0,2,0,0,0,0,0,1
Sarteano,1,0,0,1,0,0,0,0,0,0
Sassari,16,15,0,16,0,0,0,0,0,0
Sasso Marconi,1,2,0,2,0,0,0,0,0,0
Sassuolo,1,1,0,1,0,0,0,0,0,0
Savigliano,5,5,0,5,0,0,0,0,0,0
Savogna d'Isonzo,1,1,0,0,0,0,0,0,0,0
Savona,4,4,0,4,0,0,0,0,0,1
Scandicci,1,0,0,0,0,0,0,0,0,0
Scansano,1,0,0,1,0,0,0,0,0,0
Scarlino,1,0,0,1,0,0,0,0,0,0
Schio,5,5,0,4,1,0,0,1,0,0
Scigliano,5,0,0,5,0,0,0,0,0,0
Scontrone,1,1,0,0,0,0,0,0,0,0
Scorzé,1,0,0,1,0,0,0,0,0,0
Segrate,1,1,0,0,0,0,0,0,0,0
Selvazzano Dentro,1,0,0,1,0,0,0,0,0,0
Senago,1,0,0,0,0,0,0,0,0,0
Senigallia,2,0,0,2,0,0,0,0,0,0
Seregno,1,1,1,1,0,0,0,0,0,0
Seriate,2,2,2,2,0,0,0,0,0,1
Serravalle Pistoiese,1,1,0,1,0,0,0,0,0,0
Sesto Calende,1,1,0,1,0,0,0,0,0,0
Sesto Fiorentino,1,0,0,0,0,0,0,0,0,0
Sesto San Giovanni,9,3,3,8,1,0,0,1,0,0
Settala,1,1,0,0,0,0,0,0,0,0
Settimo Torinese,1,1,0,1,0,0,0,0,0,0
Settingiano,1,1,0,1,0,0,0,0,0,0
Sezze,1,0,0,0,0,0,0,0,0,0
Siena,7,0,0,7,0,0,0,0,0,0
Silvi,1,1,0,1,0,0,0,0,0,0
Sinalunga,1,0,0,1,0,0,0,0,0,0
Siniscola,1,1,0,1,0,0,0,0,0,0
Solaro,1,0,0,0,0,0,0,0,0,0
Solarolo,2,2,0,2,0,0,0,0,0,0
Solbiate Arno,1,0,0,1,0,0,0,0,0,0
Solza,1,1,0,1,0,0,0,0,0,0
Somma Lombardo,1,1,0,1,0,0,0,0,0,1
Sondrio,11,10,10,11,0,0,0,0,0,1
Sora,6,6,0,6,2,0,0,2,0,0
Sorano,1,0,0,1,0,0,0,0,0,0
Soresina,1,0,0,1,0,0,0,0,0,0
Sorgono,1,1,0,1,0,0,0,0,0,0
Sotto il Monte Giovanni XXIII,1,1,0,1,0,0,0,0,0,0
Spinazzola,1,0,0,0,0,0,0,0,0,0
Spinea,1,0,0,1,0,0,0,0,0,0
Spoleto,5,0,0,5,0,0,0,0,0,0
Stalettì,1,1,0,1,0,0,0,0,0,0
Staranzano,1,1,0,0,0,0,0,0,0,0
Stra,1,0,0,1,0,0,0,0,0,0
Stradella,1,1,0,1,0,0,0,0,0,0
Suisio,1,1,0,1,0,0,0,0,0,0
Sulmona,12,7,4,10,1,0,0,1,0,1
Sulzano,1,1,0,1,0,0,0,0,0,0
Susa,2,1,0,2,0,0,0,0,0,0
Sutri,1,0,0,0,0,0,0,0,0,0
Suzzara,1,1,1,1,0,0,0,0,0,0
TORINO,1,1,0,1,1,0,0,1,0,0
Taranto,11,7,0,11,0,0,1,1,0,0
Tarquinia,1,1,0,1,0,0,0,0,0,0
Tavernole sul Mella,1,0,1,1,0,0,0,0,0,0
Teglio Veneto,1,1,0,1,0,0,0,0,0,0
Tempio Pausania,4,4,0,4,0,0,0,0,0,0
Teramo,12,12,0,12,0,0,0,0,0,0
Terni,7,0,0,7,0,0,0,0,0,0
Terno d'Isola,1,1,0,1,0,0,0,0,0,0
Terno d’Isola,1,1,0,1,0,0,0,0,0,1
Terricciola,1,1,0,1,0,0,0,0,0,0
Thiene,5,4,0,5,0,0,0,0,0,0
Tirano,1,1,0,1,1,0,0,1,0,0
Tivoli,4,0,0,4,0,0,0,0,0,0
Tocco da Casauria,1,1,0,1,0,0,0,0,0,0
Torbole Casaglia,1,1,0,1,0,0,0,0,0,0
Torino,25,16,10,19,0,1,2,3,0,1
Toritto,1,0,0,1,0,0,0,0,0,0
Torre De Busi,1,1,0,1,0,0,0,0,0,0
Torre di Mosto,1,1,0,1,0,0,0,0,0,0
Torricella Sicura,1,1,0,1,0,0,0,0,0,0
Torricella in Sabina,1,0,0,0,0,0,0,0,0,0
Torrita di Siena,1,0,0,1,0,0,0,0,0,0
Tortoli,1,1,0,1,0,0,0,0,0,0
Tortoreto,1,1,0,1,0,0,0,0,0,0
Tradate,2,2,0,2,1,0,0,1,0,0
Trani,3,2,0,2,0,0,0,0,0,0
Travagliato,1,1,0,1,0,0,0,0,0,0
Treglio,3,3,0,3,0,0,0,0,0,0
Treia,1,1,0,1,0,0,0,0,0,0
Trenzano,1,1,0,1,0,0,0,0,0,0
Trequanda,1,0,0,1,0,0,0,0,0,0
Tresignana,1,0,0,1,0,0,0,0,0,0
Treviglio,14,14,10,14,2,0,0,2,0,1
Trevignano Romano,1,1,0,1,0,0,0,0,0,0
Treviso,11,0,0,9,0,0,0,0,0,0
Trezzano Rosa,1,1,0,0,0,0,0,0,0,0
Trezzano Sul Naviglio,1,1,0,1,0,0,0,0,0,0
Trezzo sull’ Adda,1,1,0,1,1,0,0,1,0,0
Trezzo sull’Adda,2,2,2,2,0,0,0,0,0,0
Tribiano,1,0,0,1,0,0,0,0,0,0
Trieste,7,3,0,6,0,0,0,0,0,0
Triggiano,1,1,0,1,0,0,0,0,0,0
Trinitapoli,1,0,0,0,0,0,0,0,0,0
Trucazzano,1,1,0,0,0,0,0,0,0,0
Turi,2,0,0,2,0,0,0,0,0,0
Turriaco,1,1,0,0,0,0,0,0,0,0
Uboldo,1,0,0,1,0,0,0,0,0,0
Udine,19,18,0,19,1,0,0,1,0,0
Urago d'Oglio,1,1,0,1,0,0,0,0,0,0
Urbino,4,4,1,4,0,0,0,0,0,0
Uzzano,1,1,0,1,0,0,0,0,0,0
Vaiano,1,1,0,1,0,0,0,0,0,0
Valdobbiadene,1,1,0,1,0,0,0,0,0,0
Vallecorsa,1,1,0,1,0,0,0,0,0,0
Valsamoggia,1,1,0,1,0,0,0,0,0,0
Vanzago,1,0,0,0,0,0,0,0,0,0
Vaprio d’Adda,1,1,0,0,0,0,0,0,0,0
Varese,11,9,0,9,1,0,0,1,0,2
Vasto,14,13,13,14,0,0,0,0,0,1
Vecchiano,1,1,0,1,0,0,0,0,0,0
Vedelago,1,0,0,1,0,0,0,0,0,0
Vejano,1,0,0,0,0,0,0,0,0,0
Velletri,2,0,0,0,0,0,0,0,0,0
Venezia,41,35,0,41,0,0,0,0,0,0
Vercelli,30,29,29,29,0,0,2,2,0,0
Vergato,1,1,0,1,0,0,0,0,0,0
Vernate,1,1,0,1,0,0,0,0,0,0
Vernio,1,1,0,1,0,0,0,0,0,0
Verona,19,16,0,19,1,0,1,1,0,0
Verrès,1,0,0,1,0,0,0,0,0,0
Verucchio,1,1,0,1,0,0,0,0,0,0
Vetralla,3,0,0,0,0,0,0,0,0,0
Viadana,1,1,1,1,0,0,0,0,0,0
Vibo Valentia,5,1,0,1,0,0,0,0,0,0
Vicenza,15,15,14,15,0,0,0,0,0,0
Vicopisano,1,1,0,1,0,0,0,0,0,0
Vigevano,2,2,0,2,1,0,0,1,0,0
Vignate,1,1,0,0,0,0,0,0,0,0
Vigonovo,1,0,0,1,0,0,0,0,0,0
Villa Carcina,1,0,1,1,0,0,0,0,0,0
Villa Cortese,1,1,0,1,0,0,0,0,0,0
Villa San Giovanni,1,1,0,1,0,0,0,0,0,0
Villa San Giovanni in Tuscia,1,0,0,0,0,0,0,0,0,0
Villa Santo Stefano,1,1,0,1,0,0,0,0,0,0
Villa d’Adda,1,1,0,1,0,0,0,0,0,0
Villachiara,1,1,0,1,0,0,0,0,0,0
Villasanta,1,1,1,1,0,0,0,0,0,0
Villesse,1,1,0,0,0,0,0,0,0,0
Villetta Barrea,1,1,0,0,0,0,0,0,0,0
Vimercate,2,2,1,2,0,0,0,0,0,0
Vimodrone,1,1,0,0,0,0,0,0,0,0
Viterbo,12,1,6,10,0,0,0,0,0,1
Vizzola Ticino,1,0,0,1,0,0,0,0,0,0
Vizzolo Predabissi,1,0,0,1,0,0,0,0,0,0
Voghera,2,2,0,2,1,0,0,1,0,0
Voghiera,1,1,0,1,0,0,0,0,0,0
Volterra,1,1,0,1,0,0,0,0,0,0
Zanica,1,0,0,1,0,0,0,0,0,0
Zibido San Giacomo,1,1,0,1,0,0,0,0,0,0
Zola Predosa,1,1,0,1,0,0,0,0,0,0
Zone,1,1,0,1,0,0,0,0,0,0
