regione_codice,regione,codice_soggetti_questionari,denominazione_soggetti_questionari,n_attori,attori,n_file,files
01,Piemonte,24,Ente terzo settore - ETS (iscritto al RUNTS)[1],1,Liberitutti Società Cooperativa Sociale,1,07_2406_rta_07_240916163933_4166---sub_14574431199510849525_Protocollo_LVLS-signed.txt
07,Liguria,1,CAV,13,Centro Antiviolenza Artemisia Gentileschi | Centro Antiviolenza Casa Pandora Margherita Ferro | Centro Antiviolenza ISV | Centro Antiviolenza Irene | Centro Antiviolenza Mai piu sola e Casa Rifugio Franca Viola | Centro Antiviolenza Mascherona e Casa Rifugio Elisa | Centro Antiviolenza Pandora | Centro Antiviolenza Telefono Donna | Centro Antiviolenza e Casa Rifugio Per non subire violenza | Centro per non subire violenza (da U.D.1 | Il Cerchio delle Relazioni Società Cooperativa Sociale - Centro Antiviolenza Mascherona | Telefono Donna Centro AntiViolenza CIF | Telefono Donna Centro AntiViolenza CIF APS,3,07_2406_rta_07_240916163905_4166---PROTOCOLLOFIRMATO(002).txt | 07_2406_rta_07_240916163933_4166---sub_14574431199510849525_Protocollo_LVLS-signed.txt | 07_2406_rta_07_240916163956_4166---DGR477_2022_Protocollo.txt
07,Liguria,2,Case Rifugio,3,Casa Rifugio L'isola che c'e | Casa Rifugio Marina | Opera Diocesana Madonna dei Bambini Villaggio del Ragazzo,2,07_2406_rta_07_240916163905_4166---PROTOCOLLOFIRMATO(002).txt | 07_2406_rta_07_240916163956_4166---DGR477_2022_Protocollo.txt
07,Liguria,3,Comuni,6,Comune di Chiavari | Comune di Genova | Comune di La Spezia | Comune di Sanremo | Comune di Savona | Comune di residenza della donna,3,07_2406_rta_07_240916163905_4166---PROTOCOLLOFIRMATO(002).txt | 07_2406_rta_07_240916163933_4166---sub_14574431199510849525_Protocollo_LVLS-signed.txt | 07_2406_rta_07_240916163956_4166---DGR477_2022_Protocollo.txt
07,Liguria,6,Servizi sociali comunali,3,Servizi Sociali degli Ambiti Territoriali | Servizio Sociale del Comune di residenza | Servizio Sociale del Comune dove viene reperita la donna,1,07_2406_rta_07_240916163905_4166---PROTOCOLLOFIRMATO(002).txt
07,Liguria,8,Province/Città metropolitane,1,Città Metropolitana di Genova,1,07_2406_rta_07_240916163956_4166---DGR477_2022_Protocollo.txt
07,Liguria,9,"Ambiti della programmazione sociale e socio-sanitaria (Ambiti Sociali, Piani di Zona, Distretti socio-sanitari, Società della Salute)",6,ATS di riferimento per residenza | Distretti Sociosanitari n. 14 | Distretti Sociosanitari n. 15 | Distretti Sociosanitari n. 16 | Rete dei servizi SAI | centri di accoglienza del sistema SAI del Comune di Genova,2,07_2406_rta_07_240916163905_4166---PROTOCOLLOFIRMATO(002).txt | 07_2406_rta_07_240916163933_4166---sub_14574431199510849525_Protocollo_LVLS-signed.txt
07,Liguria,10,Regioni/province Autonome,1,Regione Liguria,1,07_2406_rta_07_240916163905_4166---PROTOCOLLOFIRMATO(002).txt
07,Liguria,11,"Ospedale (Pronto soccorso, ecc.)",7,DMPO Direzione Medica del Presidio Ospedaliero | Ente Ospedaliero Ospedali Galliera | IRCCS Istituto Giannina Gaslini | IRCCS Ospedale Policlinico San Martino | Ospedale Evangelico Internazionale | Pronto Soccorso del presidio ospedaliero di Lavagna | U.O. di Ostetricia e Ginecologia,2,07_2406_rta_07_240916163905_4166---PROTOCOLLOFIRMATO(002).txt | 07_2406_rta_07_240916163956_4166---DGR477_2022_Protocollo.txt
07,Liguria,12,ASL (consultori familiari e altri servizi territoriali),10,"A.S.L. 5 | AS.L. 1 | AS.L. 2 | AS.L. 3 | AS.L. 4 | Azienda Ligure Sanitaria (A.Li.Sa | Azienda Sanitaria Locale n. 4 ""Sistema Sanitario Regione Liguria | Dipartimento di Salute Mentale e delle Dipendenze dell'ASL n. 4 ""Sistema Sanitario Regione Liguria | Servizi Sanitari | Struttura Semplice Dipartimentale Consultorio Familiare dell'ASL n. 4 ""Sistema Sanitario Regione Liguria",3,07_2406_rta_07_240916163905_4166---PROTOCOLLOFIRMATO(002).txt | 07_2406_rta_07_240916163933_4166---sub_14574431199510849525_Protocollo_LVLS-signed.txt | 07_2406_rta_07_240916163956_4166---DGR477_2022_Protocollo.txt
07,Liguria,13,Prefettura,5,Prefettura - U.T.G. di Genova | Prefettura - U.T.G. di Imperia | Prefettura - U.T.G. di La Spezia | Prefettura - U.T.G. di Savona | Prefetture,2,07_2406_rta_07_240916163933_4166---sub_14574431199510849525_Protocollo_LVLS-signed.txt | 07_2406_rta_07_240916163956_4166---DGR477_2022_Protocollo.txt
07,Liguria,14,Questura,5,Questura Ufficio immigrazione | Questura di Genova | Questura di Imperia | Questura di La Spezia | Questura di Savona,2,07_2406_rta_07_240916163933_4166---sub_14574431199510849525_Protocollo_LVLS-signed.txt | 07_2406_rta_07_240916163956_4166---DGR477_2022_Protocollo.txt
07,Liguria,15,Carabinieri/Polizia/altre forze dell'ordine,2,Comando Regionale della Guardia di Finanza della Liguria | Legione Carabinieri Liguria,1,07_2406_rta_07_240916163956_4166---DGR477_2022_Protocollo.txt
07,Liguria,16,Scuole/Ufficio scolastico provinciale e regionale,1,Ufficio Scolastico Regionale per la Liguria,1,07_2406_rta_07_240916163956_4166---DGR477_2022_Protocollo.txt
07,Liguria,17,Procura Minorile/ Tribunale minorile,3,Procura del Tribunale dei Minori di Genova | Procura della Repubblica presso il Tribunale per i Minorenni | Procura della Repubblica presso il Tribunale per i Minorenni di Genova,3,07_2406_rta_07_240916163905_4166---PROTOCOLLOFIRMATO(002).txt | 07_2406_rta_07_240916163956_4166---DGR477_2022_Protocollo.txt | 09_APUANE_2015 Protocollo Prefettura.txt
07,Liguria,18,Procura Ordinaria/Tribunale/Corte d'appello,6,Procura Generale presso la Corte d'Appello di Genova | Procura della Repubblica presso il Tribunale di Genova | Procura della Repubblica presso il Tribunale di Imperia | Procura della Repubblica presso il Tribunale di La Spezia | Procura della Repubblica presso il Tribunale di Savona | Tribunali,2,07_2406_rta_07_240916163933_4166---sub_14574431199510849525_Protocollo_LVLS-signed.txt | 07_2406_rta_07_240916163956_4166---DGR477_2022_Protocollo.txt
07,Liguria,24,Ente terzo settore - ETS (iscritto al RUNTS)[1],9,Agora soc. coop. soc | Arci Solidarieta Genova ODV | Dono Società cooperativa sociale | Fondazione Auxilium | Il Biscione Società Cooperativa Sociale | Il Cesto Onlus Cooperativa Sociale | Lanza del Vasto Società Cooperativa Sociale | Tl Melograno Cooperativa Sociale Onlus | operatori del III settore,2,07_2406_rta_07_240916163905_4166---PROTOCOLLOFIRMATO(002).txt | 07_2406_rta_07_240916163933_4166---sub_14574431199510849525_Protocollo_LVLS-signed.txt
07,Liguria,28,Università,1,Università degli Studi di Genova,1,07_2406_rta_07_240916163956_4166---DGR477_2022_Protocollo.txt
07,Liguria,30,Altro,14,"ANCI Liguria | Commissione Territoriale | Consolati | Equipe Integrata Sovradistrettuale Maltrattamento e Abuso | Equipe Multiprofessionale Sovradistrettuale Maltrattamento e Abuso | Istituzioni | Medici di Medicina generale | Pediatri di Libera Scelta | Segreteria Tecnica del DSS 15 (Comune di Chiavari | Tavolo di Coordinamento del sistema degli interventi per il contrasto, il trattamento della violenza maschile contro le donne e il loro reinserimento socio-lavorativo | UNHCR | Ufficio Asilo Politico | centri di accoglienza straordinaria predisposto dalle Prefetture | la rete D.iRe",3,07_2406_rta_07_240916163905_4166---PROTOCOLLOFIRMATO(002).txt | 07_2406_rta_07_240916163933_4166---sub_14574431199510849525_Protocollo_LVLS-signed.txt | 07_2406_rta_07_240916163956_4166---DGR477_2022_Protocollo.txt
08,Emilia-Romagna,1,CAV,45,"ASP Città di Piacenza | Associazione ""Centro Donna Giustizia"" di Ferrara | Associazione Casa delle donne di Modena contro la violenza | Associazione MondoDonna | Associazione Nondasola di Reggio Emilia | Associazione SOS Donna | Associazione SOS Donna - Faenza | Associazione di volontariato DEMETRA DONNE IN AIUTO ODV | Associazione di volontariato LINEA ROSA ODV | Associazione di volontariato SOS DONNA ODV | CASA delle donne per non subire violenza | Casa delle Donne | Casa delle donne contro la violenza Centro antiviolenza onlus | Centro Antiviolenza Casa delle Donne | Centro Antiviolenza La Città delle Donne o.d.v | Centro Antiviolenza Piacenza ""Ass. La Città delle Donne o.d.v | Centro Antiviolenza Telefono Rosa Piacenza - Associazione La Città delle Donne - ODV Piacenza | Centro Antiviolenza del Comune di Rimini ""Rompi il silenzio | Centro Antiviolenza distrettuale di Riccione ""CHIAMA ChiAMA | Centro Donna Giustizia APS di Ferrara | Centro Donna del Comune di Cesena | Centro Donna del Comune di Cesenatico | Centro Donna del Comune di Forli | Coordinamento dei Centri Antiviolenza dell'Emilia Romagna | Coordinamento regionale delle Case e dei Centri antiviolenza dell'Emilia Romagna | Forum delle Donne di Cesena | MondoDonna | Per Le Donne - Imola | PerLeDonne | PerLeDonne - Imola | Punto Antiviolenza Decentrato | Rete Nazionale Antiviolenza | Rompi il silenzio ONLUS | SOS Donna | Servizio Fenice | Sportello Antiviolenza ALBA | Sportello Antiviolenza Girasole | Sportello Antiviolenza Iris - Codigoro | Sportello Antiviolenza Iris - Comacchio | Sportello Antiviolenza NONtiscordardiME | Sportello Antiviolenza Viola | Telefoni Rosa | Trama di Terre | UDI | Vivere Donna onlus - Centro antiviolenza",14,08_2406_rta_08_241015091310_4166---Accordo_Contrasto_alla_violenza_CittMtrBO.txt | 08_2406_rta_08_241015091330_4166---Protocollo_intesa_autonomia_abitativa_donne_vittime_di_violenza_CittMtrBO.txt | 08_2406_rta_08_241015091355_4166---PROTOCOLLO_CONTRO_VIOLENZA_firmato2023.txt | 08_2406_rta_08_241015091430_4166---Protocollo_Distrettuale_Contrasto_violenza_Donne2023.stamped.txt | 08_2406_rta_08_241015091500_4166---Protocollo_autonomia_lavorativa_def.txt | 08_2406_rta_08_241015091553_4166---Protocollosullaviolenzadigenere_confirme_prot.txt | 08_2406_rta_08_241015091621_4166---PROTOCOLLO_22.txt | 08_2406_rta_08_241015091655_4166---Aggiornamentointegrazioneprotocollooperativoapprovatonelgiugno2008.txt | 08_2406_rta_08_241015091725_4166---Protoc-Prefett-2017.txt | 08_2406_rta_08_241015091748_4166---ProtocolloProvincialeCaserifugio2023.2025.txt | 08_2406_rta_08_241015091832_4166---P.G.111546-2023PROTOCOLLOOPERATIVOFENOMENOVIOLENZADONNE(1).txt | 08_2406_rta_08_241015091917_4166---Protocollo2022-2024.txt | 08_2406_rta_08_241015092024_4166---Protocollooperativo.txt | 08_2406_rta_08_241015092049_4166---PROTOCOLLOD.G.C.FAENZA304-2009.txt
08,Emilia-Romagna,2,Case Rifugio,2,"Casa Rifugio distrettuale ""Artemisia | Case rifugio",2,08_2406_rta_08_241015091355_4166---PROTOCOLLO_CONTRO_VIOLENZA_firmato2023.txt | 08_2406_rta_08_241015091553_4166---Protocollosullaviolenzadigenere_confirme_prot.txt
08,Emilia-Romagna,3,Comuni,106,Città di Castelfranco Emilia | Comune di Alto Reno Terme | Comune di Anzola dell'Emilia | Comune di Argelato | Comune di Baricella | Comune di Bentivoglio | Comune di Bologna | Comune di Borgo Tossignano | Comune di Brisighella | Comune di Budrio | Comune di Calderara di Reno | Comune di Camugnano | Comune di Casalecchio di Reno | Comune di Casalfiumanese | Comune di Casola Valsenio | Comune di Castel Bolognese | Comune di Castel Guelfo di Bologna | Comune di Castel Maggiore | Comune di Castel San Giovanni | Comune di Castel San Pietro Terme | Comune di Castel d'Aiano | Comune di Castel del Rio | Comune di Castel di Casio | Comune di Castello d'Argile | Comune di Castenaso | Comune di Castiglione dei Pepoli | Comune di Cattolica | Comune di Cento | Comune di Cervia | Comune di Cesena | Comune di Codigoro | Comune di Comacchio | Comune di Copparo | Comune di Coriano | Comune di Crevalcore | Comune di Dozza | Comune di Faenza | Comune di Ferrara | Comune di Fiorano Modenese | Comune di Fiorenzuola d'Arda | Comune di Fontanelice | Comune di Forli | Comune di Formigine | Comune di Gaggio Montano | Comune di Galliera | Comune di Gemmano | Comune di Granarolo dell'Emilia | Comune di Grizzana Morandi | Comune di Imola | Comune di Jolanda di Savoia | Comune di Lizzano in Belvedere | Comune di Loiano | Comune di Malalbergo | Comune di Maranello | Comune di Marzabotto | Comune di Masi Torello | Comune di Medicina | Comune di Minerbio | Comune di Mirandola | Comune di Misano Adriatico | Comune di Modena | Comune di Molinella | Comune di Mondaino | Comune di Monghidoro | Comune di Monte San Pietro | Comune di Montefiore Conca | Comune di Montegridolfo | Comune di Monterenzio | Comune di Montescudo-Montecolombo | Comune di Montese | Comune di Monzuno | Comune di Morciano di Romagna | Comune di Mordano | Comune di Novafeltria | Comune di Ozzano dell'Emilia | Comune di Piacenza | Comune di Pianoro | Comune di Pieve di Cento | Comune di Ravenna | Comune di Reggio Emilia | Comune di Riccione | Comune di Rimini | Comune di Riolo Terme | Comune di Riva del Po | Comune di Russi | Comune di Sala Bolognese | Comune di Saludecio | Comune di San Benedetto Val di Sambro | Comune di San Cesario sul Panaro | Comune di San Clemente | Comune di San Giorgio di Piano | Comune di San Giovanni in Marignano | Comune di San Giovanni in Persiceto | Comune di San Lazzaro di Savena | Comune di San Pietro in Casale | Comune di Sant'Agata Bolognese | Comune di Santarcangelo di Romagna | Comune di Sasso Marconi | Comune di Sassuolo | Comune di Solarolo | Comune di Tresignana | Comune di Valsamoggia | Comune di Vergato | Comune di Verucchio | Comune di Voghiera | Comune di Zola Predosa,13,08_2406_rta_08_241015091310_4166---Accordo_Contrasto_alla_violenza_CittMtrBO.txt | 08_2406_rta_08_241015091330_4166---Protocollo_intesa_autonomia_abitativa_donne_vittime_di_violenza_CittMtrBO.txt | 08_2406_rta_08_241015091355_4166---PROTOCOLLO_CONTRO_VIOLENZA_firmato2023.txt | 08_2406_rta_08_241015091430_4166---Protocollo_Distrettuale_Contrasto_violenza_Donne2023.stamped.txt | 08_2406_rta_08_241015091553_4166---Protocollosullaviolenzadigenere_confirme_prot.txt | 08_2406_rta_08_241015091621_4166---PROTOCOLLO_22.txt | 08_2406_rta_08_241015091655_4166---Aggiornamentointegrazioneprotocollooperativoapprovatonelgiugno2008.txt | 08_2406_rta_08_241015091725_4166---Protoc-Prefett-2017.txt | 08_2406_rta_08_241015091748_4166---ProtocolloProvincialeCaserifugio2023.2025.txt | 08_2406_rta_08_241015091832_4166---P.G.111546-2023PROTOCOLLOOPERATIVOFENOMENOVIOLENZADONNE(1).txt | 08_2406_rta_08_241015091917_4166---Protocollo2022-2024.txt | 08_2406_rta_08_241015092024_4166---Protocollooperativo.txt | 08_2406_rta_08_241015092049_4166---PROTOCOLLOD.G.C.FAENZA304-2009.txt
08,Emilia-Romagna,4,Polizia Municipale,9,Comando di Polizia Municipale di Brisighella | Comando di Polizia Municipale di Casola Valsenio | Comando di Polizia Municipale di Castel Bolognese | Comando di Polizia Municipale di Faenza | Comando di Polizia Municipale di Riolo Terme | Comando di Polizia Municipale di Solarolo | Polizia Municipale | Polizia Municipale Comune di Cavezzo | Polizia Municipale Comune di Finale Emilia,2,08_2406_rta_08_241015092024_4166---Protocollooperativo.txt | 08_2406_rta_08_241015092049_4166---PROTOCOLLOD.G.C.FAENZA304-2009.txt
08,Emilia-Romagna,5,Settore educativo comunale,2,Istituzione nidi e scuole materne | Officina educativa,1,08_2406_rta_08_241015091655_4166---Aggiornamentointegrazioneprotocollooperativoapprovatonelgiugno2008.txt
08,Emilia-Romagna,6,Servizi sociali comunali,21,"ASP Circondario Imolese | ASP Città di Bologna | Consorzio Servizi Sociali di Imola | Poli territoriali di Servizio Sociale | Servizi Sociali Comune di Camposanto | Servizi Sociali Comune di Cavezzo | Servizi Sociali Comune di Concordia | Servizi Sociali Comune di Finale Emilia | Servizi Sociali Comune di Medolla | Servizi Sociali Comune di Mirandola | Servizi Sociali Comune di San Felice Panaro | Servizi Sociali Comune di San Possidonio | Servizi Sociali Comune di San Prospero | Servizi Sociali del Comune di residenza | Servizi Sociali di competenza | Servizi di tutela minori | Servizi sociali dei Comuni | Servizio Sociale Associato | Servizio Sociale Associato dei Comuni di Ravenna, Cervia e Russi | Servizio Sociale Ospedaliero | Sportelli Sociali",7,08_2406_rta_08_241015091310_4166---Accordo_Contrasto_alla_violenza_CittMtrBO.txt | 08_2406_rta_08_241015091430_4166---Protocollo_Distrettuale_Contrasto_violenza_Donne2023.stamped.txt | 08_2406_rta_08_241015091553_4166---Protocollosullaviolenzadigenere_confirme_prot.txt | 08_2406_rta_08_241015091655_4166---Aggiornamentointegrazioneprotocollooperativoapprovatonelgiugno2008.txt | 08_2406_rta_08_241015091748_4166---ProtocolloProvincialeCaserifugio2023.2025.txt | 08_2406_rta_08_241015092024_4166---Protocollooperativo.txt | 08_2406_rta_08_241015092049_4166---PROTOCOLLOD.G.C.FAENZA304-2009.txt
08,Emilia-Romagna,8,Province/Città metropolitane,22,"Città metropolitana di Bologna | Nuovo Circondario Imolese | Provincia di Bologna | Provincia di Forli-Cesena | Provincia di Modena | Provincia di Piacenza | Provincia di Reggio Emilia | Provincia di Rimini | Unione Comuni del Sorbara | Unione Reno Galliera | Unione Rubicone e Mare | Unione Terre d'Acqua | Unione Terre di Castelli | Unione Terre e Fiumi | Unione dei Comuni Modenesi Area Nord | Unione dei Comuni Valli del Reno, Lavino e Samoggia | Unione dei Comuni del Distretto Ceramico | Unione dei Comuni del Frignano | Unione dei Comuni dell'Appennino bolognese | Unione dei Comuni della Bassa Romagna | Unione dei Comuni della Romagna Faentina | Unione delle Terre d'Argine",9,08_2406_rta_08_241015091310_4166---Accordo_Contrasto_alla_violenza_CittMtrBO.txt | 08_2406_rta_08_241015091430_4166---Protocollo_Distrettuale_Contrasto_violenza_Donne2023.stamped.txt | 08_2406_rta_08_241015091553_4166---Protocollosullaviolenzadigenere_confirme_prot.txt | 08_2406_rta_08_241015091621_4166---PROTOCOLLO_22.txt | 08_2406_rta_08_241015091655_4166---Aggiornamentointegrazioneprotocollooperativoapprovatonelgiugno2008.txt | 08_2406_rta_08_241015091725_4166---Protoc-Prefett-2017.txt | 08_2406_rta_08_241015091748_4166---ProtocolloProvincialeCaserifugio2023.2025.txt | 08_2406_rta_08_241015091832_4166---P.G.111546-2023PROTOCOLLOOPERATIVOFENOMENOVIOLENZADONNE(1).txt | 08_2406_rta_08_241015092024_4166---Protocollooperativo.txt
08,Emilia-Romagna,9,"Ambiti della programmazione sociale e socio-sanitaria (Ambiti Sociali, Piani di Zona, Distretti socio-sanitari, Società della Salute)",4,Ambito Territoriale di Rete (ATR | Conferenza Territoriale Sociale e Sanitaria | Conferenza Territoriale Sociale e Sanitaria Metropolitana di Bologna (CTSSM | Unione Comuni modenesi dell'Area Nord,4,08_2406_rta_08_241015091330_4166---Protocollo_intesa_autonomia_abitativa_donne_vittime_di_violenza_CittMtrBO.txt | 08_2406_rta_08_241015091553_4166---Protocollosullaviolenzadigenere_confirme_prot.txt | 08_2406_rta_08_241015091655_4166---Aggiornamentointegrazioneprotocollooperativoapprovatonelgiugno2008.txt | 08_2406_rta_08_241015091725_4166---Protoc-Prefett-2017.txt
08,Emilia-Romagna,10,Regioni/province Autonome,10,Dipartimento Pari Opportunita della Presidenza del Consiglio dei Ministri | Ministero dell'Interno | Ministero dell'Istruzione | Ministero della Difesa | Ministero per le Pari Opportunita | Presidenza del Consiglio dei Ministri - Dipartimento per le Pari Opportunita | Regione Emilia - Romagna | Regione Emilia-Romagna | SERVIZIO SANITARIO REGIONALE EMILIA-ROMAGNA | Ufficio di Statistica della Regione Emilia Romagna,5,08_2406_rta_08_241015091310_4166---Accordo_Contrasto_alla_violenza_CittMtrBO.txt | 08_2406_rta_08_241015091500_4166---Protocollo_autonomia_lavorativa_def.txt | 08_2406_rta_08_241015091655_4166---Aggiornamentointegrazioneprotocollooperativoapprovatonelgiugno2008.txt | 08_2406_rta_08_241015091832_4166---P.G.111546-2023PROTOCOLLOOPERATIVOFENOMENOVIOLENZADONNE(1).txt | 08_2406_rta_08_241015092049_4166---PROTOCOLLOD.G.C.FAENZA304-2009.txt
08,Emilia-Romagna,11,"Ospedale (Pronto soccorso, ecc.)",9,Azienda Ospedaliero - Universitaria Policlinico di Modena | Azienda Ospedaliero Universitaria di Ferrara | Guardia Medica | Ospedali | Pronto Intervento 118 | Pronto Soccorso Generale e Ostetrico-Ginecologico Ferrara | Reparto Ostetricia | Sanitari ospedalieri e del Distretto | Servizio 118 di Ferrara,4,08_2406_rta_08_241015091355_4166---PROTOCOLLO_CONTRO_VIOLENZA_firmato2023.txt | 08_2406_rta_08_241015091430_4166---Protocollo_Distrettuale_Contrasto_violenza_Donne2023.stamped.txt | 08_2406_rta_08_241015091725_4166---Protoc-Prefett-2017.txt | 08_2406_rta_08_241015092024_4166---Protocollooperativo.txt
08,Emilia-Romagna,12,ASL (consultori familiari e altri servizi territoriali),34,A.U.S.L. di Piacenza | AUSL Piacenza | AUSL della Romagna | Ausl di Ravenna - Distretto Sanitario di Faenza | Azienda Ospedaliera Santa Maria Nuova di Reggio Emilia | Azienda Ospedaliera Universitaria di Ferrara | Azienda Sanitaria Locale di Reggio Emilia | Azienda USL della Romagna | Azienda USL di Bologna | Azienda USL di Ferrara | Azienda USL di Piacenza | Azienda Unità Sanitaria Locale Romagna | Azienda Unità Sanitaria Locale della Romagna | Azienda Unità Sanitaria Locale di Ferrara | Azienda Unità Sanitaria Locale di Modena | Azienda Unità Sanitaria Locale di Piacenza | Case della Comunita | Centri Salute Donna | Centri Salute Mentale Adulti | Centri di Salute Mentale (CSM) del Distretto di Reggio Emilia | Consultori | Consultori familiari | Consultori familiari Ferrara | Consultorio Familiare Ginecologia e Ostetricia | Consultorio familiare dell'Azienda USL | Dipartimento di Salute Mentale | Distretto Sanitario di Faenza | Distretto Sanitario di Lugo | Distretto Sanitario di Ravenna | Servizio Dipendenze Patologiche | Spazio Giovani | Struttura Operativa Medicina Legale | U.O.NPIA | UONPIA - Casa della Salute Terre e Fiumi,13,08_2406_rta_08_241015091310_4166---Accordo_Contrasto_alla_violenza_CittMtrBO.txt | 08_2406_rta_08_241015091355_4166---PROTOCOLLO_CONTRO_VIOLENZA_firmato2023.txt | 08_2406_rta_08_241015091430_4166---Protocollo_Distrettuale_Contrasto_violenza_Donne2023.stamped.txt | 08_2406_rta_08_241015091553_4166---Protocollosullaviolenzadigenere_confirme_prot.txt | 08_2406_rta_08_241015091621_4166---PROTOCOLLO_22.txt | 08_2406_rta_08_241015091655_4166---Aggiornamentointegrazioneprotocollooperativoapprovatonelgiugno2008.txt | 08_2406_rta_08_241015091725_4166---Protoc-Prefett-2017.txt | 08_2406_rta_08_241015091748_4166---ProtocolloProvincialeCaserifugio2023.2025.txt | 08_2406_rta_08_241015091832_4166---P.G.111546-2023PROTOCOLLOOPERATIVOFENOMENOVIOLENZADONNE(1).txt | 08_2406_rta_08_241015091917_4166---Protocollo2022-2024.txt | 08_2406_rta_08_241015092005_4166---DG216-2024.txt | 08_2406_rta_08_241015092024_4166---Protocollooperativo.txt | 08_2406_rta_08_241015092049_4166---PROTOCOLLOD.G.C.FAENZA304-2009.txt
08,Emilia-Romagna,13,Prefettura,9,Prefettura - Ufficio territoriale del Governo di Forli-Cesena | Prefettura - Ufficio territoriale del Governo di Piacenza | Prefettura di Bologna | Prefettura di Ferrara | Prefettura di Modena | Prefettura di Piacenza | Prefettura di Ravenna | Prefettura di Reggio Emilia | Prefettura di Rimini,9,08_2406_rta_08_241015091310_4166---Accordo_Contrasto_alla_violenza_CittMtrBO.txt | 08_2406_rta_08_241015091355_4166---PROTOCOLLO_CONTRO_VIOLENZA_firmato2023.txt | 08_2406_rta_08_241015091553_4166---Protocollosullaviolenzadigenere_confirme_prot.txt | 08_2406_rta_08_241015091621_4166---PROTOCOLLO_22.txt | 08_2406_rta_08_241015091655_4166---Aggiornamentointegrazioneprotocollooperativoapprovatonelgiugno2008.txt | 08_2406_rta_08_241015091725_4166---Protoc-Prefett-2017.txt | 08_2406_rta_08_241015091832_4166---P.G.111546-2023PROTOCOLLOOPERATIVOFENOMENOVIOLENZADONNE(1).txt | 08_2406_rta_08_241015092005_4166---DG216-2024.txt | 08_2406_rta_08_241015092049_4166---PROTOCOLLOD.G.C.FAENZA304-2009.txt
08,Emilia-Romagna,14,Questura,8,Questura della Provincia | Questura di Bologna | Questura di Ferrara | Questura di Modena | Questura di Piacenza | Questura di Ravenna | Questura di Reggio Emilia | Questura di Rimini,8,08_2406_rta_08_241015091310_4166---Accordo_Contrasto_alla_violenza_CittMtrBO.txt | 08_2406_rta_08_241015091355_4166---PROTOCOLLO_CONTRO_VIOLENZA_firmato2023.txt | 08_2406_rta_08_241015091553_4166---Protocollosullaviolenzadigenere_confirme_prot.txt | 08_2406_rta_08_241015091621_4166---PROTOCOLLO_22.txt | 08_2406_rta_08_241015091655_4166---Aggiornamentointegrazioneprotocollooperativoapprovatonelgiugno2008.txt | 08_2406_rta_08_241015091725_4166---Protoc-Prefett-2017.txt | 08_2406_rta_08_241015091832_4166---P.G.111546-2023PROTOCOLLOOPERATIVOFENOMENOVIOLENZADONNE(1).txt | 08_2406_rta_08_241015092049_4166---PROTOCOLLOD.G.C.FAENZA304-2009.txt
08,Emilia-Romagna,15,Carabinieri/Polizia/altre forze dell'ordine,19,"Arma dei Carabinieri | Arma dei Carabinieri, Comando Provinciale di Bologna | Carabinieri del territorio della provincia di Ravenna | Comando Prov.le Carabinieri | Comando Prov.le Guardia di Finanza | Comando Provinciale Carabinieri di Reggio Emilia | Comando Provinciale dei Carabinieri | Comando Provinciale dei Carabinieri di Ferrara | Comando Provinciale dei Carabinieri di Modena | Comando Provinciale dei Carabinieri di Rimini | Comando Provinciale dell'Arma dei Carabinieri | Comando Provinciale della Guardia Finanza | Comando Provinciale della Guardia di Finanza di Ferrara | Comando provinciale dei Carabinieri di Bologna | Commissariato di P.S. di Faenza | Guardia di Finanza di Modena | Sezione della Squadra Mobile - Ufficio Minori | Squadra Mobile | Stazione dei Carabinieri",10,08_2406_rta_08_241015091310_4166---Accordo_Contrasto_alla_violenza_CittMtrBO.txt | 08_2406_rta_08_241015091330_4166---Protocollo_intesa_autonomia_abitativa_donne_vittime_di_violenza_CittMtrBO.txt | 08_2406_rta_08_241015091355_4166---PROTOCOLLO_CONTRO_VIOLENZA_firmato2023.txt | 08_2406_rta_08_241015091430_4166---Protocollo_Distrettuale_Contrasto_violenza_Donne2023.stamped.txt | 08_2406_rta_08_241015091553_4166---Protocollosullaviolenzadigenere_confirme_prot.txt | 08_2406_rta_08_241015091621_4166---PROTOCOLLO_22.txt | 08_2406_rta_08_241015091655_4166---Aggiornamentointegrazioneprotocollooperativoapprovatonelgiugno2008.txt | 08_2406_rta_08_241015091725_4166---Protoc-Prefett-2017.txt | 08_2406_rta_08_241015091832_4166---P.G.111546-2023PROTOCOLLOOPERATIVOFENOMENOVIOLENZADONNE(1).txt | 08_2406_rta_08_241015092049_4166---PROTOCOLLOD.G.C.FAENZA304-2009.txt
08,Emilia-Romagna,16,Scuole/Ufficio scolastico provinciale e regionale,12,"Ambito territoriale per la provincia di Piacenza | Centro Territoriale Permanente per l'Educazione degli Adulti | Direzioni Scolastiche | Istituzioni scolastiche autonome della provincia di Ferrara | MIUR - Ufficio Scolastico Regionale per l'Emilia Romagna - Ufficio VIII Ambito Territoriale per la provincia di Modena | Ufficio Scolastico Provinciale di Reggio Emilia | Ufficio Scolastico Regionale VI Ambito Territoriale di Ferrara | Ufficio Scolastico Regionale per l'Emilia Romagna - Ufficio VII - Ambito territoriale di Forli-Cesena e Rimini | Ufficio Scolastico Regionale per l'Emilia Romagna Ufficio VI, Ambito Territoriale di Ferrara Provinciale | Ufficio Scolastico Territoriale | Ufficio Scolastico regionale per l'Emilia-Romagna | Ufficio scolastico provinciale di Modena",7,08_2406_rta_08_241015091355_4166---PROTOCOLLO_CONTRO_VIOLENZA_firmato2023.txt | 08_2406_rta_08_241015091430_4166---Protocollo_Distrettuale_Contrasto_violenza_Donne2023.stamped.txt | 08_2406_rta_08_241015091553_4166---Protocollosullaviolenzadigenere_confirme_prot.txt | 08_2406_rta_08_241015091621_4166---PROTOCOLLO_22.txt | 08_2406_rta_08_241015091655_4166---Aggiornamentointegrazioneprotocollooperativoapprovatonelgiugno2008.txt | 08_2406_rta_08_241015091725_4166---Protoc-Prefett-2017.txt | 08_2406_rta_08_241015091832_4166---P.G.111546-2023PROTOCOLLOOPERATIVOFENOMENOVIOLENZADONNE(1).txt
08,Emilia-Romagna,17,Procura Minorile/ Tribunale minorile,6,Procura dei Minori | Procura della Repubblica presso il Tribunale per i Minorenni dell'Emilia Romagna di Bologna | Procura presso il Tribunale dei minori di Bologna | Tribunale dei Minori di Bologna | Tribunale per i Minorenni | Tribunale per i Minorenni dell'Emilia Romagna di Bologna,5,08_2406_rta_08_241015091310_4166---Accordo_Contrasto_alla_violenza_CittMtrBO.txt | 08_2406_rta_08_241015091355_4166---PROTOCOLLO_CONTRO_VIOLENZA_firmato2023.txt | 08_2406_rta_08_241015091430_4166---Protocollo_Distrettuale_Contrasto_violenza_Donne2023.stamped.txt | 08_2406_rta_08_241015091655_4166---Aggiornamentointegrazioneprotocollooperativoapprovatonelgiugno2008.txt | 08_2406_rta_08_241015092024_4166---Protocollooperativo.txt
08,Emilia-Romagna,18,Procura Ordinaria/Tribunale/Corte d'appello,9,Presidenza del Tribunale di Rimini | Procura della Repubblica di Forli | Procura della Repubblica di Piacenza | Procura della Repubblica di Reggio Emilia | Procura della Repubblica presso il Tribunale di Bologna | Procura della Repubblica presso il Tribunale di Ferrara | Procura della Repubblica presso il Tribunale di Rimini | Tribunale di Ferrara | Tribunale di Reggio Emilia,6,08_2406_rta_08_241015091310_4166---Accordo_Contrasto_alla_violenza_CittMtrBO.txt | 08_2406_rta_08_241015091355_4166---PROTOCOLLO_CONTRO_VIOLENZA_firmato2023.txt | 08_2406_rta_08_241015091553_4166---Protocollosullaviolenzadigenere_confirme_prot.txt | 08_2406_rta_08_241015091621_4166---PROTOCOLLO_22.txt | 08_2406_rta_08_241015091655_4166---Aggiornamentointegrazioneprotocollooperativoapprovatonelgiugno2008.txt | 08_2406_rta_08_241015091832_4166---P.G.111546-2023PROTOCOLLOOPERATIVOFENOMENOVIOLENZADONNE(1).txt
08,Emilia-Romagna,19,Ordine avvocati,4,Avvocati | Ordine degli Avvocati | Ordine degli Avvocati di Ferrara | Ordine degli Avvocati di Reggio Emilia,4,08_2406_rta_08_241015091355_4166---PROTOCOLLO_CONTRO_VIOLENZA_firmato2023.txt | 08_2406_rta_08_241015091430_4166---Protocollo_Distrettuale_Contrasto_violenza_Donne2023.stamped.txt | 08_2406_rta_08_241015091621_4166---PROTOCOLLO_22.txt | 08_2406_rta_08_241015091655_4166---Aggiornamentointegrazioneprotocollooperativoapprovatonelgiugno2008.txt
08,Emilia-Romagna,21,Ordine medici e odontoiatri e Ordine farmacisti,2,Ordine dei Farmacisti di Ferrara | Ordine dei Medici Chirurghi e degli Odontoiatri di Ferrara,1,08_2406_rta_08_241015091355_4166---PROTOCOLLO_CONTRO_VIOLENZA_firmato2023.txt
08,Emilia-Romagna,22,"Altri ordini professionali (infermieri, ostetriche, giornalisti, commercialisti, ecc.)",1,Ordine dei Giornalisti di Ferrara,1,08_2406_rta_08_241015091355_4166---PROTOCOLLO_CONTRO_VIOLENZA_firmato2023.txt
08,Emilia-Romagna,23,Organismi di parità,12,Assessorato Pari Opportunita | Comitato Pari Opportunita presso l'Ordine degli Avvocati di Ferrara | Commissione Pari Opportunita | Consigliera di Parità Provinciale di Reggio Emilia | Consigliera di Parità della Provincia di Modena | Consigliera di Parità della Provincia di Piacenza | Consigliera di Parità della Provincia di Rimini | Consigliera di Parità provinciale | Consigliere di Parità | Consulta per le pari opportunita | Dipartimento per le Pari Opportunita della Presidenza del Consiglio dei Ministri | Uffici Pari opportunita,9,08_2406_rta_08_241015091330_4166---Protocollo_intesa_autonomia_abitativa_donne_vittime_di_violenza_CittMtrBO.txt | 08_2406_rta_08_241015091430_4166---Protocollo_Distrettuale_Contrasto_violenza_Donne2023.stamped.txt | 08_2406_rta_08_241015091500_4166---Protocollo_autonomia_lavorativa_def.txt | 08_2406_rta_08_241015091553_4166---Protocollosullaviolenzadigenere_confirme_prot.txt | 08_2406_rta_08_241015091621_4166---PROTOCOLLO_22.txt | 08_2406_rta_08_241015091655_4166---Aggiornamentointegrazioneprotocollooperativoapprovatonelgiugno2008.txt | 08_2406_rta_08_241015091725_4166---Protoc-Prefett-2017.txt | 08_2406_rta_08_241015092005_4166---DG216-2024.txt | 08_2406_rta_08_241015092049_4166---PROTOCOLLOD.G.C.FAENZA304-2009.txt
08,Emilia-Romagna,24,Ente terzo settore - ETS (iscritto al RUNTS)[1],13,AIPI | Associazione Centro di Aiuto alla Vita di Cesena | Associazione Grazia e Pace | Associazione Gruppo Donne e Giustizia | Associazione Mater Caritatis | Associazione MondoDonna Onlus | Associazione Per le Donne | Associazione SOS Donna | Coop.va Sociale Librazione | Cooperativa Girogirotondo | Forum Donne Giuriste di Reggio Emilia | UDI Unione Donne in Italia - Sede di Ferrara | Unione Donne in Italia - APS Ferrara,7,08_2406_rta_08_241015091330_4166---Protocollo_intesa_autonomia_abitativa_donne_vittime_di_violenza_CittMtrBO.txt | 08_2406_rta_08_241015091355_4166---PROTOCOLLO_CONTRO_VIOLENZA_firmato2023.txt | 08_2406_rta_08_241015091430_4166---Protocollo_Distrettuale_Contrasto_violenza_Donne2023.stamped.txt | 08_2406_rta_08_241015091500_4166---Protocollo_autonomia_lavorativa_def.txt | 08_2406_rta_08_241015091621_4166---PROTOCOLLO_22.txt | 08_2406_rta_08_241015091655_4166---Aggiornamentointegrazioneprotocollooperativoapprovatonelgiugno2008.txt | 08_2406_rta_08_241015091725_4166---Protoc-Prefett-2017.txt
08,Emilia-Romagna,25,Ente terzo settore - ETS (iscritto al RUNTS) costituito da donne per le donne,1,Di.Re - Donne in Rete contro la violenza,1,08_2406_rta_08_241015091553_4166---Protocollosullaviolenzadigenere_confirme_prot.txt
08,Emilia-Romagna,26,Servizi per l'impiego,4,Centri per l'impiego | Centro per l'impiego | Sportello Lavoro | Sportello comunale per il lavoro,3,08_2406_rta_08_241015091500_4166---Protocollo_autonomia_lavorativa_def.txt | 08_2406_rta_08_241015091553_4166---Protocollosullaviolenzadigenere_confirme_prot.txt | 08_2406_rta_08_241015091655_4166---Aggiornamentointegrazioneprotocollooperativoapprovatonelgiugno2008.txt
08,Emilia-Romagna,27,Sindacati/Associazioni di categoria,33,"APPC | Ascom Confcommercio Ferrara | Associazione Piccoli Proprietari Case | CGIL | CGIL - Bologna | CISL | CISL Area metropolitana Bolognese | CNA Bologna | CNA Piacenza | CONIA | Confapi Piacenza | Confartigianato Imprese di Bologna e Imola | Confcommercio ASCOM Bologna | Confcommercio Ascom Bologna | Confcommercio Piacenza | Confesercenti Bologna | Confesercenti Piacenza | Confindustria Emilia Area Centro: le imprese di Bologna, Ferrara e Modena | Confindustria Piacenza | Coordinamento Donne CGIL Piacenza | Coordinamento Donne UIL Emilia Romagna sede di Piacenza | Coordinamento Pari Opportunita CISL Parma Piacenza | Federfarma Ferrara | Legacoop Emilia Ovest Piacenza | SICET | SUNIA | Sindacato Confederale CGIL Ferrara | Sindacato Confederale CISL Ferrara | Sindacato Confederale UIL Ferrara | UIL | UIL - Bologna | UNIAT | UNIONE INQUILINI",5,08_2406_rta_08_241015091330_4166---Protocollo_intesa_autonomia_abitativa_donne_vittime_di_violenza_CittMtrBO.txt | 08_2406_rta_08_241015091355_4166---PROTOCOLLO_CONTRO_VIOLENZA_firmato2023.txt | 08_2406_rta_08_241015091430_4166---Protocollo_Distrettuale_Contrasto_violenza_Donne2023.stamped.txt | 08_2406_rta_08_241015091500_4166---Protocollo_autonomia_lavorativa_def.txt | 08_2406_rta_08_241015092005_4166---DG216-2024.txt
08,Emilia-Romagna,28,Università,5,Campus di Rimini | Università degli Studi di Bologna - Dipartimento di Psicologia | Università degli Studi di Ferrara | Università degli Studi di Modena e Reggio Emilia | Università di Modena,5,08_2406_rta_08_241015091355_4166---PROTOCOLLO_CONTRO_VIOLENZA_firmato2023.txt | 08_2406_rta_08_241015091553_4166---Protocollosullaviolenzadigenere_confirme_prot.txt | 08_2406_rta_08_241015091621_4166---PROTOCOLLO_22.txt | 08_2406_rta_08_241015091655_4166---Aggiornamentointegrazioneprotocollooperativoapprovatonelgiugno2008.txt | 08_2406_rta_08_241015091725_4166---Protoc-Prefett-2017.txt
08,Emilia-Romagna,29,"Associazioni che si occupano di programmi di prevenzione, recupero e trattamento per uomini maltrattanti",6,"CAM Centro di Ascolto per Uomini Maltrattanti APS di Ferrara | Centri LDV ""liberiamoci dalla Violenza | Centro LDV (Liberiamoci dalla violenza - Centro di accompagnamento al cambiamento per uomini dell'Azienda Unità Sanitaria Locale di Modena - Servizio sanitario regionale Emilia Romagna | Centro Pubblico LIBERIAMOCI DALLA VIOLENZA (LDV | Centro di Ascolto per Uomini Maltrattanti di Ferrara | LDV Liberiamoci dalla Violenza",5,08_2406_rta_08_241015091355_4166---PROTOCOLLO_CONTRO_VIOLENZA_firmato2023.txt | 08_2406_rta_08_241015091430_4166---Protocollo_Distrettuale_Contrasto_violenza_Donne2023.stamped.txt | 08_2406_rta_08_241015091553_4166---Protocollosullaviolenzadigenere_confirme_prot.txt | 08_2406_rta_08_241015091725_4166---Protoc-Prefett-2017.txt | 08_2406_rta_08_241015092024_4166---Protocollooperativo.txt
08,Emilia-Romagna,30,Altro,70,"ACER Bologna | AFM - Farmacie Comunali Ferrara | AIDA | APE | ASP Cesena Valle del Savio | ASP del Rubicone | ASSOCASA | ASSPI | Agenzia per il lavoro di Piacenza | Agenzia regionale per il lavoro | Alleanza delle Cooperative Italiane - Bologna | Ambito territoriale per la provincia di Forli-Cesena | Arcidiocesi di Bologna | Assistenza Servizi alla Persona (ASSP) Unione Terre e Fiumi | Associazione Consultorio per la Famiglia Don Giorgini | Associazione Nazionale dei Comuni Italia - A.N.C.I | Aziende Casa del territorio metropolitano comunque denominate | Banca d'Italia Filiale di Piacenza | CONFABITARE | CTSSM | Carcere | Caritas Diocesana | Casa Circondariale di Rimini | Comuni dell'Area Nord | Conferenza Provinciale Permanente | Conferenza Territoriale Sociale e Sanitaria Metropolitana di Bologna (CTSSM | Conferenza delle Elette | Consigliera di Fiducia della Città metropolitana | Consiglieri di Fiducia del Comune di Bologna | Consiglio della Giunta Provinciale | Consiglio metropolitano | DIRe Donne in Rete contro la violenza | Direzione della Casa Circondariale di Rimini | FEDER.CASA | Fondazione Forense di Forli-Cesena | Fondazione San Petronio Onlus | INPS | Insieme per il lavoro | Ispettorato territoriale del lavoro di Piacenza | MEDIBASE Area Nord - Cooperativa dei Medici di Famiglia dell‘Area Nord della Provincia di Modena | MMG | Medici di Medicina Generale | Ministero dell'Interno | Modena Group Stalking | Osservatorio Regionale R.E.R | Ostetricia e Ginecologia | PLS | Pediatri di Libera Scelta | Pronto Intervento Emergenza Minori Provincia di Modena | Psicologia Clinica | Psicologia di Base | Rete DO.MINO | Rete IRENE | Rete nazionale D.i.R.e | Rotary Club Ferrara | SOLARIS s.r.l | Servizi del Comune di Residenza | Servizio Sociale Minori, Famiglie, Giovani - Unione Comuni Area Nord | Servizio Tutela Minori dell'Unione | Servizio di Pronto Intervento Emergenza Minori della Provincia di Modena | Sportelli PUA Unione Terre e Fiumi | Sportello presso sede Ordine degli Avvocati | Tavolo Interistituzionale di contrasto alla violenza alle donne | Tavolo tecnico | UDI - Unione Donne Italiane | UNIONCASA | UPPI | Ufficio Esecuzione Penale Esterna | Ufficio Esecuzione Penale Esterna di Rimini | Ufficio di Presidenza della Conferenza Territoriale Sociale e Sanitaria (CTSS) della Provincia di Piacenza",13,08_2406_rta_08_241015091310_4166---Accordo_Contrasto_alla_violenza_CittMtrBO.txt | 08_2406_rta_08_241015091330_4166---Protocollo_intesa_autonomia_abitativa_donne_vittime_di_violenza_CittMtrBO.txt | 08_2406_rta_08_241015091355_4166---PROTOCOLLO_CONTRO_VIOLENZA_firmato2023.txt | 08_2406_rta_08_241015091430_4166---Protocollo_Distrettuale_Contrasto_violenza_Donne2023.stamped.txt | 08_2406_rta_08_241015091500_4166---Protocollo_autonomia_lavorativa_def.txt | 08_2406_rta_08_241015091553_4166---Protocollosullaviolenzadigenere_confirme_prot.txt | 08_2406_rta_08_241015091621_4166---PROTOCOLLO_22.txt | 08_2406_rta_08_241015091655_4166---Aggiornamentointegrazioneprotocollooperativoapprovatonelgiugno2008.txt | 08_2406_rta_08_241015091725_4166---Protoc-Prefett-2017.txt | 08_2406_rta_08_241015091832_4166---P.G.111546-2023PROTOCOLLOOPERATIVOFENOMENOVIOLENZADONNE(1).txt | 08_2406_rta_08_241015091917_4166---Protocollo2022-2024.txt | 08_2406_rta_08_241015092005_4166---DG216-2024.txt | 08_2406_rta_08_241015092024_4166---Protocollooperativo.txt
09,Toscana,1,CAV,22,"Associazione ""Pronto Donna"" Centro Antiviolenza | Associazione Casa della donna | Associazione Donne Insieme Valdelsa | Associazione Frida | Centro Antiviolenza Associazione Artemisia APS | Centro Antiviolenza Centro Donna Carrara | Centro Antiviolenza Centro Donna Lunigiana | Centro Antiviolenza Centro Donna della Lunigiana | Centro Antiviolenza Centro Donna di Massa | Centro Antiviolenza Donna chiama Donna di Carrara | Centro Antiviolenza Duna di Massa | Centro Antiviolenza La Nara | Centro Antiviolenza di Grosseto | Centro Antiviolenza di Orbetello | Centro Donna Chiama Donna | Centro Donna Lunigiana | Centro Donna Provinciale | Centro antiviolenza ""Olympia de Gouges"" di Grosseto e Orbetello | Centro antiviolenza ""Tutto e vita - Elisabetta Fiorilli"" Grosseto | Centro antiviolenza Artemisia | Centro antiviolenza di Mantepescali | Centro di Ascolto Sabine di Montignoso",7,09_ALTA VALDELSA Protocollo-violenza-valdelsa-2022_ALTA VALDELSA.txt | 09_APUANE_2015 Protocollo Prefettura.txt | 09_AREZZO Prot_2024-2026.txt | 09_FIRENZE Linee-di-indirizzo2024.txt | 09_GROSSETO 2022 fpdf.txt | 09_PISA PREF E PROV.txt | 09_PRATO PREF.txt
09,Toscana,2,Case Rifugio,1,Casa Rifugio D.I.V.E,1,09_ALTA VALDELSA Protocollo-violenza-valdelsa-2022_ALTA VALDELSA.txt
09,Toscana,3,Comuni,119,Comune di Abetone | Comune di Agliana | Comune di Arezzo | Comune di Barberino del Mugello | Comune di Bientina | Comune di Borgo San Lorenzo | Comune di Buggiano | Comune di Buti | Comune di Calci | Comune di Calcinaia | Comune di Campagnatico | Comune di Campi Bisenzio | Comune di Cantagallo | Comune di Capalbio | Comune di Capannoli | Comune di Carmignano | Comune di Carrara | Comune di Casale Marittimo | Comune di Casciana Terme-Lari | Comune di Cascina | Comune di Casole d'Elsa | Comune di Castelfranco di Sotto | Comune di Castellina Marittima | Comune di Castelnuovo Val di Cecina | Comune di Castiglione della Pescaia | Comune di Cetona | Comune di Chianciano Terme | Comune di Chianni | Comune di Chiesina Uzzanese | Comune di Chiusi | Comune di Cinigiano | Comune di Civitella Paganico | Comune di Colle di Val d'Elsa | Comune di Crespina-Lorenzana | Comune di Cutigliano | Comune di Fauglia | Comune di Figline e Incisa Valdarno | Comune di Firenze | Comune di Firenze: Area Tutela Valery | Comune di Firenze: Servizi sociali | Comune di Follonica | Comune di Gavorrano | Comune di Grosseto | Comune di Guardistallo | Comune di Isola del Giglio | Comune di Lajatico | Comune di Lamporecchio | Comune di Larciano | Comune di Lastra a Signa | Comune di Livorno | Comune di Magliano in Toscana | Comune di Manciano | Comune di Marliana | Comune di Massa | Comune di Massa Marittima | Comune di Massa e Cozzile | Comune di Monsummano Terme | Comune di Montale | Comune di Monte Argentario | Comune di Montecatini Terme | Comune di Montecatini Val Di Cecina | Comune di Montemurlo | Comune di Montepulciano | Comune di Monterotondo Marittimo | Comune di Montescudaio | Comune di Monteverdi Marittimo | Comune di Montieri | Comune di Montignoso | Comune di Montopoli Valdarno | Comune di Orbetello | Comune di Orciano Pisano | Comune di Palaia | Comune di Peccioli | Comune di Pescia | Comune di Pieve a Nievole | Comune di Pisa | Comune di Pistoia | Comune di Piteglio | Comune di Pitigliano | Comune di Poggibonsi | Comune di Poggio a Caiano | Comune di Pomarance | Comune di Ponsacco | Comune di Pontassieve | Comune di Ponte Buggianese | Comune di Pontedera | Comune di Prato | Comune di Quarrata | Comune di Radicondoli | Comune di Riparbella | Comune di Sambuca Pistoiese | Comune di San Casciano Val di Pesa | Comune di San Casciano dei Bagni | Comune di San Gimignano | Comune di San Giuliano Terme | Comune di San Marcello Pistoiese | Comune di San Miniato | Comune di Santa Croce sull'Arno | Comune di Santa Luce | Comune di Santa Maria a Monte | Comune di Sarteano | Comune di Scandicci | Comune di Scansano | Comune di Scarlino | Comune di Serravalle Pistoiese | Comune di Sesto Fiorentino | Comune di Sinalunga | Comune di Sorano | Comune di Tavarnelle Val di Pesa | Comune di Terricciola | Comune di Torrita di Siena | Comune di Trequanda | Comune di Uzzano | Comune di Vaiano | Comune di Vecchiano | Comune di Vernio | Comune di Vicopisano | Comune di Volterra | Quartiere 5 del Comune di Firenze,10,09_ALTA VALDELSA Protocollo-violenza-valdelsa-2022_ALTA VALDELSA.txt | 09_APUANE_2015 Protocollo Prefettura.txt | 09_AREZZO Prot_2024-2026.txt | 09_FIRENZE Linee-di-indirizzo2024.txt | 09_GROSSETO 2022 fpdf.txt | 09_LIVORNO Protocollo_ RETE ANTIVIOLENZA_ LIVORNO.txt | 09_PISA PREF E PROV.txt | 09_PISTOIA PROV .txt | 09_PRATO PREF.txt | 09_VALDICHIANA_all. decreto 37_2008 protocollo di intesa 2008.txt
09,Toscana,4,Polizia Municipale,7,Comando Polizia Municipale | Polizia Municipale di Casole d'Elsa | Polizia Municipale di Colle Val d'Elsa | Polizia Municipale di Poggibonsi | Polizia Municipale di Radicondoli | Polizia Municipale di San Gimignano | Polizie Municipali dei Comuni della Valdelsa,2,09_ALTA VALDELSA Protocollo-violenza-valdelsa-2022_ALTA VALDELSA.txt | 09_LIVORNO Protocollo_ RETE ANTIVIOLENZA_ LIVORNO.txt
09,Toscana,6,Servizi sociali comunali,7,Fiorentina Nord Ovest: Servizi sociali | Fiorentina Sud Est: Servizi sociali | Mugello: Servizi sociali | Referente Emergenza Sociale (RES) di zona | SEUS - Servizio Emergenza Urgenza Sociale | Servizi Sociali dei Comuni di Costa | UTES - Unità Territoriali Emergenza Sociale,3,09_ALTA VALDELSA Protocollo-violenza-valdelsa-2022_ALTA VALDELSA.txt | 09_APUANE_2015 Protocollo Prefettura.txt | 09_FIRENZE Linee-di-indirizzo2024.txt
09,Toscana,8,Province/Città metropolitane,13,Città Metropolitana di Firenze | Comunità Montana del Cetona | Conferenza Zonale dei Sindaci del Casentino/Unione dei Comuni Montani del Casentino | Conferenza Zonale dei Sindaci della Valtiberina Toscana/Unione Montana dei Comuni della Valtiberina Toscana | Provincia di Arezzo | Provincia di Grosseto | Provincia di Livorno | Provincia di Lucca | Provincia di Massa Carrara | Provincia di Pisa | Provincia di Pistoia | Provincia di Prato | Unione dei comuni Montani Amiata Grossetana,10,09_APUANE_2015 Protocollo Prefettura.txt | 09_AREZZO Prot_2024-2026.txt | 09_FIRENZE Linee-di-indirizzo2024.txt | 09_GROSSETO 2022 fpdf.txt | 09_LIVORNO Protocollo_ RETE ANTIVIOLENZA_ LIVORNO.txt | 09_LUCCA PROV.txt | 09_PISA PREF E PROV.txt | 09_PISTOIA PROV .txt | 09_PRATO PREF.txt | 09_VALDICHIANA_all. decreto 37_2008 protocollo di intesa 2008.txt
09,Toscana,9,"Ambiti della programmazione sociale e socio-sanitaria (Ambiti Sociali, Piani di Zona, Distretti socio-sanitari, Società della Salute)",19,Conferenza Zonale dei Sindaci del Valdarno | Conferenza Zonale dei Sindaci della Valdichiana Aretina | Conferenza dei Sindaci ASL 2 zona Piana di Lucca | Conferenza dei Sindaci ASL 2 zona Valle del Serchio | Conferenza dei Sindaci della Zona Aretina | Conferenza del Sindaci ASL 12 zona Versilia | Fondazione Territori Sociali Altavaldelsa | Servizi Sociali e Sanitari della Società della Salute | Società della Salute Alta Val d'Elsa | Società della Salute Area Pratese | Società della Salute Fiorentina Nord Ovest | Società della Salute Fiorentina Sud Est | Società della Salute Firenze | Società della Salute Mugello | Società della Salute Valdinievole | Società della Salute Zona Alta Valdicecina-Valdera | Società della Salute Zona Empolese Valdarno Valdelsa | Società della Salute Zona Pisana | Società della Salute della Lunigiana,8,09_ALTA VALDELSA Protocollo-violenza-valdelsa-2022_ALTA VALDELSA.txt | 09_APUANE_2015 Protocollo Prefettura.txt | 09_AREZZO Prot_2024-2026.txt | 09_FIRENZE Linee-di-indirizzo2024.txt | 09_LUCCA PROV.txt | 09_PISA PREF E PROV.txt | 09_PISTOIA PROV .txt | 09_PRATO PREF.txt
09,Toscana,10,Regioni/province Autonome,2,Giunta della Regione Toscana | Regione Toscana,2,09_APUANE_2015 Protocollo Prefettura.txt | 09_SENESE Delibera-n.1196-del-24-10-2022-allegato-a_SENESE_2.txt
09,Toscana,11,"Ospedale (Pronto soccorso, ecc.)",2,118 | Ospedale (Pronto Soccorso,2,09_ALTA VALDELSA Protocollo-violenza-valdelsa-2022_ALTA VALDELSA.txt | 09_APUANE_2015 Protocollo Prefettura.txt
09,Toscana,12,ASL (consultori familiari e altri servizi territoriali),18,ASL 12 Versilia | ASL 2 Lucca | ASL n. 3 Pistoia | Azienda ASL7 | Azienda Ospedaliera Universitaria Pisana | Azienda Sanitaria Locale n. 1 di Massa Carrara | Azienda Sanitaria USL Toscana Centro | Azienda Sanitaria USL Toscana Nord-Ovest | Azienda USL 9 di Grosseto | Azienda USL Toscana Nord Ovest (AUSL TNO | Azienda USL Toscana Sud Est | Azienda USL n.9 di Grosseto | Azienda Usl n. 8 | Consultorio Azienda USL Toscana Sud Est Zona Valdelsa | Pronto Soccorso di Campostaggia Azienda USL Toscana Sud Est | Servizio di Salute Mentale Azienda USL Toscana Sud Est Zona Alta Valdelsa | U.O Pronto Soccorso Azienda USL 7 - Monoblocco Alta Val d'Elsa | U.O.C. di Psicologia Azienda USL Toscana Sud Est,10,09_ALTA VALDELSA Protocollo-violenza-valdelsa-2022_ALTA VALDELSA.txt | 09_APUANE_2015 Protocollo Prefettura.txt | 09_AREZZO Prot_2024-2026.txt | 09_GROSSETO 2022 fpdf.txt | 09_LIVORNO Protocollo_ RETE ANTIVIOLENZA_ LIVORNO.txt | 09_LUCCA PROV.txt | 09_PISA PREF E PROV.txt | 09_PISTOIA PROV .txt | 09_SENESE Delibera-n.1196-del-24-10-2022-allegato-a_SENESE_2.txt | 09_VALDICHIANA_all. decreto 37_2008 protocollo di intesa 2008.txt
09,Toscana,13,Prefettura,8,Prefettura Ufficio Territoriale del Governo di Prato | Prefettura di Arezzo | Prefettura di Livorno - Ufficio Territoriale del Governo | Prefettura di Lucca | Prefettura di Massa-Carrara | Prefettura di Pisa | Prefettura di Pistoia - Ufficio Territoriale di Governo | Prefettura di Siena,8,09_ALTA VALDELSA Protocollo-violenza-valdelsa-2022_ALTA VALDELSA.txt | 09_APUANE_2015 Protocollo Prefettura.txt | 09_AREZZO Prot_2024-2026.txt | 09_LIVORNO Protocollo_ RETE ANTIVIOLENZA_ LIVORNO.txt | 09_LUCCA PROV.txt | 09_PISA PREF E PROV.txt | 09_PISTOIA PROV .txt | 09_PRATO PREF.txt
09,Toscana,14,Questura,7,Questura di Arezzo | Questura di Livorno | Questura di Lucca | Questura di Massa Carrara | Questura di Pistoia | Questura di Prato | Questura di Siena,7,09_ALTA VALDELSA Protocollo-violenza-valdelsa-2022_ALTA VALDELSA.txt | 09_APUANE_2015 Protocollo Prefettura.txt | 09_AREZZO Prot_2024-2026.txt | 09_LIVORNO Protocollo_ RETE ANTIVIOLENZA_ LIVORNO.txt | 09_LUCCA PROV.txt | 09_PISTOIA PROV .txt | 09_PRATO PREF.txt
09,Toscana,15,Carabinieri/Polizia/altre forze dell'ordine,10,Arma dei Carabinieri-Comando provinciale di Lucca | Comando Provinciale Carabinieri di Livorno | Comando Provinciale Carabinieri di Pistoia | Comando Provinciale dei Carabinieri | Comando Provinciale dei Carabinieri di Arezzo | Comando Provinciale dei Carabinieri di Massa Carrara | Comando Provinciale dell'Arma dei Carabinieri di Prato | Comando Provinciale della Guardia di Finanza di Arezzo | Comando Provinciale della Guardia di Finanza di Massa Carrara | Comando Provinciale della Guardia di Finanza di Prato,7,09_ALTA VALDELSA Protocollo-violenza-valdelsa-2022_ALTA VALDELSA.txt | 09_APUANE_2015 Protocollo Prefettura.txt | 09_AREZZO Prot_2024-2026.txt | 09_LIVORNO Protocollo_ RETE ANTIVIOLENZA_ LIVORNO.txt | 09_LUCCA PROV.txt | 09_PISTOIA PROV .txt | 09_PRATO PREF.txt
09,Toscana,16,Scuole/Ufficio scolastico provinciale e regionale,9,MIUR Ufficio Scolastico Regionale per la Toscana XI Ambito Territoriale di Prato e Pistoia sede di Prato | Scuole | Ufficio Scolastico Provinciale | Ufficio Scolastico Provinciale di Arezzo | Ufficio Scolastico Provinciale di Grosseto | Ufficio Scolastico Provinciale di Lucca | Ufficio Scolastico Regionale della Toscana Ambito Territoriale della provincia di Pisa | Ufficio Scolastico Regionale per la Toscana Ambito Territoriale della Provincia di Arezzo Ufficio VI | Ufficio Scolastico Territoriale di Arezzo,6,09_APUANE_2015 Protocollo Prefettura.txt | 09_AREZZO Prot_2024-2026.txt | 09_GROSSETO 2022 fpdf.txt | 09_LUCCA PROV.txt | 09_PISA PREF E PROV.txt | 09_PRATO PREF.txt
09,Toscana,17,Procura Minorile/ Tribunale minorile,4,Procura della Repubblica minorile | Procura della Repubblica per i Minorenni di Firenze | Procura della Repubblica presso il Tribunale per i Minorenni | Tribunale per i Minorenni,3,09_APUANE_2015 Protocollo Prefettura.txt | 09_GROSSETO 2022 fpdf.txt | 09_PISA PREF E PROV.txt
09,Toscana,18,Procura Ordinaria/Tribunale/Corte d'appello,17,Corte d'Appello di Firenze | Procura Generale della Repubblica presso la Corte d'Appello di Firenze | Procura della Repubblica di Firenze | Procura della Repubblica di Massa | Procura della Repubblica di Pistoia | Procura della Repubblica di Prato | Procura della Repubblica di Siena | Procura della Repubblica presso il Tribunale | Procura della Repubblica presso il Tribunale di Arezzo | Procura della Repubblica presso il Tribunale di Massa | Procura della Repubblica presso il Tribunale ordinario | Procure della Repubblica presso il Tribunale del Distretto | Tribunale di Arezzo | Tribunale di Livorno | Tribunale di Massa | Tribunale di Pisa | Tribunale di Pistoia,8,09_ALTA VALDELSA Protocollo-violenza-valdelsa-2022_ALTA VALDELSA.txt | 09_APUANE_2015 Protocollo Prefettura.txt | 09_AREZZO Prot_2024-2026.txt | 09_GROSSETO 2022 fpdf.txt | 09_LIVORNO Protocollo_ RETE ANTIVIOLENZA_ LIVORNO.txt | 09_PISA PREF E PROV.txt | 09_PISTOIA PROV .txt | 09_PRATO PREF.txt
09,Toscana,19,Ordine avvocati,2,CPO dell'Ordine degli Avvocati di Siena | Ordine degli Avvocati di Siena,1,09_ALTA VALDELSA Protocollo-violenza-valdelsa-2022_ALTA VALDELSA.txt
09,Toscana,22,"Altri ordini professionali (infermieri, ostetriche, giornalisti, commercialisti, ecc.)",1,Ordine dei Dottori Commercialisti e degli Esperti Contabili di Siena,1,09_ALTA VALDELSA Protocollo-violenza-valdelsa-2022_ALTA VALDELSA.txt
09,Toscana,23,Organismi di parità,8,Centro Pari Opportunità Valdelsa | Centro Pari Opportunità Valdichiana | Comitato Pari Opportunita dell'Ordine dei Dottori Commercialisti e degli Esperti Contabili di Siena | Consigliera Provinciale di Parità | Consigliera di Parità della Provincia di Livorno | Consigliera di Parità della Provincia di Pisa | Consigliera di Parità di Lucca | Ufficio delle Consigliere di Parità per la Provincia di Arezzo,6,09_ALTA VALDELSA Protocollo-violenza-valdelsa-2022_ALTA VALDELSA.txt | 09_AREZZO Prot_2024-2026.txt | 09_LIVORNO Protocollo_ RETE ANTIVIOLENZA_ LIVORNO.txt | 09_LUCCA PROV.txt | 09_PISA PREF E PROV.txt | 09_VALDICHIANA_all. decreto 37_2008 protocollo di intesa 2008.txt
09,Toscana,24,Ente terzo settore - ETS (iscritto al RUNTS)[1],17,Alice Cooperativa Sociale | Arnera Società Cooperativa Sociale | Associazione A.R.P.A | Associazione Amica Donna | Associazione Atelier Vantaggio Donna | Associazione C.LF | Associazione Donne In Movimento | Associazione Eunice | Associazione LUI APS | Associazione Le Amiche di Mafalda | Associazione Olympia de Gouges | Associazione P.A. Humanitas | Associazione Psicosfera | Associazione Randi APS | Associazioni del Terzo Settore | Comitato Regionale | Ippogrifo APS,9,09_ALTA VALDELSA Protocollo-violenza-valdelsa-2022_ALTA VALDELSA.txt | 09_APUANE_2015 Protocollo Prefettura.txt | 09_GROSSETO 2022 fpdf.txt | 09_LIVORNO Protocollo_ RETE ANTIVIOLENZA_ LIVORNO.txt | 09_LUCCA PROV.txt | 09_PISA PREF E PROV.txt | 09_PRATO PREF.txt | 09_SENESE Delibera-n.1196-del-24-10-2022-allegato-a_SENESE_2.txt | 09_VALDICHIANA_all. decreto 37_2008 protocollo di intesa 2008.txt
09,Toscana,26,Servizi per l'impiego,2,ARTI Servizi per il Lavoro di GR-LI | Centro per l'Impiego di Livorno,1,09_LIVORNO Protocollo_ RETE ANTIVIOLENZA_ LIVORNO.txt
09,Toscana,27,Sindacati/Associazioni di categoria,8,Ascom | CGIL Provinciale | CIA | CISL Provinciale | Confesercenti | Federalberghi | UGL Provinciale | UIL Provinciale,2,09_GROSSETO 2022 fpdf.txt | 09_PISTOIA PROV .txt
09,Toscana,28,Università,2,Università degli Studi di Firenze | Università degli Studi di Pisa,2,09_LIVORNO Protocollo_ RETE ANTIVIOLENZA_ LIVORNO.txt | 09_PISA PREF E PROV.txt
09,Toscana,29,"Associazioni che si occupano di programmi di prevenzione, recupero e trattamento per uomini maltrattanti",4,CAM Centro Uomini Maltrattanti | CAM Firenze | Centro di Ascolto Uomini Maltrattanti | Nuovo Maschile. Uomini liberi dalla violenza,4,09_ALTA VALDELSA Protocollo-violenza-valdelsa-2022_ALTA VALDELSA.txt | 09_FIRENZE Linee-di-indirizzo2024.txt | 09_PISA PREF E PROV.txt | 09_PRATO PREF.txt
09,Toscana,30,Altro,29,365giornialfemmile | AIED | Articolazioni zonali delle conferenze dei sindaci del territorio provinciale | CAM | CISMAI – Coordinamento Italiano dei Servizi contro il Maltrattamento e l'Abuso all'Infanzia | Centro di Ascolto CIF di Carrara | Codice Rosa | Comitato di Area Vasta | Direzione Diritti di cittadinanza e coesione sociale | European Society Stress Traumatic Studies | Filiale di Livorno della Banca d'Italia | Fiorentina Nord Ovest: Codice Rosa | Fiorentina Sud Est: Codice Rosa | Giudice tutelare | Gruppo di lavoro Tavolo Privacy di Regione Toscana | Istituto di assistenza pubblico privato | Magistratura di Sorveglianza | Mugello: Codice Rosa | Osservatorio Sociale Regionale | Polizia provinciale | Punto di Ascolto territoriale di Arcidosso | Punto di Ascolto territoriale di Capalbio | Punto di Ascolto territoriale di Follonica | Punto di Ascolto territoriale di Manciano | Punto di ascolto territoriale di Grosseto | Rete Regionale Codice Rosa | SERD | SMA | SSR,8,09_ALTA VALDELSA Protocollo-violenza-valdelsa-2022_ALTA VALDELSA.txt | 09_APUANE_2015 Protocollo Prefettura.txt | 09_FIRENZE Linee-di-indirizzo2024.txt | 09_GROSSETO 2022 fpdf.txt | 09_LIVORNO Protocollo_ RETE ANTIVIOLENZA_ LIVORNO.txt | 09_PISA PREF E PROV.txt | 09_PISTOIA PROV .txt | 09_SENESE Delibera-n.1196-del-24-10-2022-allegato-a_SENESE_2.txt
