record_id,file,regione_codice,regione_finale,provincia_finale,comune_finale,nome_originale,nome_canonico,nome_norm_stat,tipo_originale,tipo_standard,macro_categoria,fonte_territorializzazione,stato_osservazione,ruoli_documentali,ruolo_attore,ruolo_firmatario,ruolo_proponente,ente_capofila,note,cf,codice_soggetti_questionari,denominazione_soggetti_questionari,codice_aggregazione_2,descrizione_aggregazione_2,n_record_aggregati,files,ruoli_documentali_aggregati
217_0024,16_bari_protocollo operativo Putignano_EMI.txt,16,Puglia,,,Autorita Giudiziaria,Autorita Giudiziaria,AUTORITA GIUDIZIARIA,Altro,Altro,Altro,nome,generico,,0,0,0,,,,30,Altro,9,altro,1,16_bari_protocollo operativo Putignano_EMI.txt,
093_0021,09_SENESE Delibera-n.1196-del-24-10-2022-allegato-a_SENESE_2.txt,09,Toscana,,,Autorità giudiziaria,Autorita giudiziaria,AUTORITA GIUDIZIARIA,Altro,Altro,Altro,nome,generico,,0,0,0,,Soggetto destinatario e coordinatore delle attività,,30,Altro,9,altro,1,09_SENESE Delibera-n.1196-del-24-10-2022-allegato-a_SENESE_2.txt,
093_0031,09_SENESE Delibera-n.1196-del-24-10-2022-allegato-a_SENESE_2.txt,09,Toscana,,,Comunità di tipo familiare,Comunita di tipo familiare,COMUNITA DI TIPO FAMILIARE,Altro,Altro,Altro,nome,da_escludere,,0,0,0,,Affido minori stranieri non accompagnati,,30,Altro,9,altro,1,09_SENESE Delibera-n.1196-del-24-10-2022-allegato-a_SENESE_2.txt,
084_0041,09_APUANE_2015 Protocollo Prefettura.txt,09,Toscana,,,Conferenza unificata Stato-Regioni,Conferenza unificata Stato-Regioni,CONFERENZA UNIFICATA STATO-REGIONI,Altro,Altro,Altro,nome,da_escludere,,0,0,0,,,,30,Altro,9,altro,1,09_APUANE_2015 Protocollo Prefettura.txt,
198_0016,13_2406_rta_13_241122102615_4166---PROTOCOLLOD_INTESACOMUNEAQ_donatellatelliniCAV2023.txt,13,Abruzzo,,,Consiglio d'Europa,Consiglio d'Europa,CONSIGLIO D'EUROPA,Altro,Altro,Altro,nome,da_escludere,,0,0,0,,,,30,Altro,9,altro,3,13_2406_rta_13_241122102615_4166---PROTOCOLLOD_INTESACOMUNEAQ_donatellatelliniCAV2023.txt | 13_2406_rta_13_241122104428_4166---Protocollorete_ortonaCAVconsultoriodiocesano.txt | 13_2406_rta_13_241122105540_4166---protocollodirete_vastodonnattiva.txt,
116_0004,12_2406_rta_12_240926140522_4166---4ProtintCAVFRANCARAME-38-41(1).txt,12,Lazio,,,Consiglio d’Europa,Consiglio d'Europa,CONSIGLIO D'EUROPA,Altro,Altro,Altro,nome,da_escludere,,0,0,0,,Citato per la Convenzione,,30,Altro,9,altro,9,12_2406_rta_12_240926140522_4166---4ProtintCAVFRANCARAME-38-41(1).txt | 12_2406_rta_12_241001133138_4166---1protCAVSAPIENZA-COMITATODIQUARTIERESANLORENZO(1).txt | 12_2406_rta_12_241003091037_4166---5Protocollid'intesa-Ass.Salvamamme(002).txt | 12_2406_rta_12_241003104626_4166---PROTOCOLLODIINTESAMUNICIPIOXV.txt | 12_2406_rta_12_241004093800_4166---6protCavPaolaLattesComitatodiQuartiere“CittadinidiColliAniene.txt | 12_2406_rta_12_241004094402_4166---7ProtCAVPAOLALATTESAPSedIlComitatodiQuartiere“ComprensorioPratolungo(1).txt | 12_2406_rta_12_241004100148_4166---910protCAVPAOLALATTESCooperativaSocialeLineaSociale-Onlus(1).txt | 12_2406_rta_12_241004103912_4166---9protCAVPAOLALATTESComitatodiQuartiereTorraccia(1).txt | 12_2406_rta_12_241004130514_4166---PROTOCOLLODIINTESAPERLAPROMOZIONEDISTRATEGIECONDIVISESULFENOMENODELLAVIOLENZADIGENERE(1).txt,
046_0043,03_2406_rta_03_240926122051_4166---Protocollomonz.txt,03,Lombardia,,,Consiglio d’Europa,Consiglio d'Europa,CONSIGLIO D'EUROPA,Altro,Altro,Altro,nome,da_escludere,,0,0,0,,,,30,Altro,9,altro,2,03_2406_rta_03_240926122051_4166---Protocollomonz.txt | 03_2406_rta_03_240926122707_4166---ProtocolloReteAntiviolenzaconfirme.txt,
210_0021,16_2406_rta_16_250409174252_4166---Protocollo_Intesa_LARA.txt,16,Puglia,,,Consiglio d’Europa,Consiglio d'Europa,CONSIGLIO D'EUROPA,Altro,Altro,Altro,nome,da_escludere,,0,0,0,,,,30,Altro,9,altro,1,16_2406_rta_16_250409174252_4166---Protocollo_Intesa_LARA.txt,
084_0034,09_APUANE_2015 Protocollo Prefettura.txt,09,Toscana,,,Consiglio d'Europa,Consiglio d'Europa,CONSIGLIO D'EUROPA,Altro,Altro,Altro,nome,da_escludere,,0,0,0,,,,30,Altro,9,altro,1,09_APUANE_2015 Protocollo Prefettura.txt,
208_0029,13_2406_rta_13_241122115416_4166---PROTOCOLLOPESCARA.txt,13,Abruzzo,,,ISTAT,ISTAT,ISTAT,Altro,Altro,Altro,nome,da_escludere,,0,0,0,,Citato come fonte di indagini statistiche,,30,Altro,9,altro,1,13_2406_rta_13_241122115416_4166---PROTOCOLLOPESCARA.txt,
176_0019,12_2406_rta_12_241004145108_4166---07-ProtocolloCONilComunediVILLASANTOSTEFANO.txt,12,Lazio,,,ISTAT,ISTAT,ISTAT,Altro,Altro,Altro,nome,da_escludere,,0,0,0,,,,30,Altro,9,altro,2,12_2406_rta_12_241004145108_4166---07-ProtocolloCONilComunediVILLASANTOSTEFANO.txt | 12_2406_rta_12_241004145702_4166---08-ProtocolloComunediFalvaterra.txt,
039_0038,"03_2406_rta_03_240923164603_4166---ProtocolloreteantiviolenzaBusto,Gallarate,Saronno,SommaLombardo-2024.txt",03,Lombardia,,,ISTAT,ISTAT,ISTAT,Altro,Altro,Altro,nome,da_escludere,,0,0,0,,Piattaforma nazionale per l'inserimento dati delle donne seguite dai Centri Antiviolenza,,30,Altro,9,altro,1,"03_2406_rta_03_240923164603_4166---ProtocolloreteantiviolenzaBusto,Gallarate,Saronno,SommaLombardo-2024.txt",
003_0028,01_2406_rta_01_240904121349_4166---convenzione.txt,01,Piemonte,,,ISTAT,ISTAT,ISTAT,Altro,Altro,Altro,nome,da_escludere,,0,0,0,,Richieste dati per monitoraggio,,30,Altro,9,altro,1,01_2406_rta_01_240904121349_4166---convenzione.txt,
223_0025,16_taranto_protocollo Prefettura ProvinciaTaranto.txt,16,Puglia,,,ISTAT,ISTAT,ISTAT,Altro,Altro,Altro,nome,da_escludere,,0,0,0,,,,30,Altro,9,altro,1,16_taranto_protocollo Prefettura ProvinciaTaranto.txt,
084_0035,09_APUANE_2015 Protocollo Prefettura.txt,09,Toscana,,,Istat,Istat,ISTAT,Altro,Altro,Altro,nome,da_escludere,,0,0,0,,Citato per indagini statistiche,,30,Altro,9,altro,1,09_APUANE_2015 Protocollo Prefettura.txt,
204_0027,13_2406_rta_13_241122105540_4166---protocollodirete_vastodonnattiva.txt,13,Abruzzo,,,OMS,OMS,OMS,Altro,Altro,Altro,nome,da_escludere,,0,0,0,,Organizzazione Mondiale della Sanità,,30,Altro,9,altro,1,13_2406_rta_13_241122105540_4166---protocollodirete_vastodonnattiva.txt,
086_0039,09_FIRENZE Linee-di-indirizzo2024.txt,09,Toscana,,,OMS,OMS,OMS,Altro,Altro,Altro,nome,da_escludere,,0,0,0,,Riferimento per le linee guida su interventi,,30,Altro,9,altro,1,09_FIRENZE Linee-di-indirizzo2024.txt,
015_0016,01_2406_rta_01_241002150739_4166---DeliberaCostituzioneOsservatorioSaluteDonne.txt,01,Piemonte,,,Organizzazione Mondiale della Sanità,Organizzazione Mondiale della Sanita,ORGANIZZAZIONE MONDIALE DELLA SANITA,Altro,Altro,Altro,nome,da_escludere,,0,0,0,,Citato come riferimento scientifico,,30,Altro,9,altro,1,01_2406_rta_01_241002150739_4166---DeliberaCostituzioneOsservatorioSaluteDonne.txt,
084_0033,09_APUANE_2015 Protocollo Prefettura.txt,09,Toscana,,,Organizzazione Mondiale della Sanita,Organizzazione Mondiale della Sanita,ORGANIZZAZIONE MONDIALE DELLA SANITA,Altro,Altro,Altro,nome,da_escludere,,0,0,0,,,,30,Altro,9,altro,1,09_APUANE_2015 Protocollo Prefettura.txt,
223_0023,16_taranto_protocollo Prefettura ProvinciaTaranto.txt,16,Puglia,,,Organizzazione delle Nazioni Unite,Organizzazione delle Nazioni Unite,ORGANIZZAZIONE DELLE NAZIONI UNITE,Altro,Altro,Altro,nome,da_escludere,,0,0,0,,,,30,Altro,9,altro,1,16_taranto_protocollo Prefettura ProvinciaTaranto.txt,
084_0031,09_APUANE_2015 Protocollo Prefettura.txt,09,Toscana,,,Organizzazione delle Nazioni Unite,Organizzazione delle Nazioni Unite,ORGANIZZAZIONE DELLE NAZIONI UNITE,Altro,Altro,Altro,nome,da_escludere,,0,0,0,,,,30,Altro,9,altro,1,09_APUANE_2015 Protocollo Prefettura.txt,
140_0016,12_2406_rta_12_241003105319_4166---PROTOCOLLODIINTES1_2601def-signed-signed.txt,12,Lazio,,,Presidenza del Consiglio dei Ministri,Presidenza del Consiglio dei Ministri,PRESIDENZA DEL CONSIGLIO DEI MINISTRI,Altro,Altro,Altro,nome,da_escludere,,0,0,0,,,,30,Altro,9,altro,1,12_2406_rta_12_241003105319_4166---PROTOCOLLODIINTES1_2601def-signed-signed.txt,
084_0040,09_APUANE_2015 Protocollo Prefettura.txt,09,Toscana,,,Presidenza del Consiglio dei Ministri,Presidenza del Consiglio dei Ministri,PRESIDENZA DEL CONSIGLIO DEI MINISTRI,Altro,Altro,Altro,nome,da_escludere,,0,0,0,,,,30,Altro,9,altro,1,09_APUANE_2015 Protocollo Prefettura.txt,
093_0014,09_SENESE Delibera-n.1196-del-24-10-2022-allegato-a_SENESE_2.txt,09,Toscana,,,Referenti Aziendali,Referenti Aziendali,REFERENTI AZIENDALI,Altro,Altro,Altro,nome,generico,,0,0,0,,Ruolo operativo nella Rete Codice Rosa,,30,Altro,9,altro,1,09_SENESE Delibera-n.1196-del-24-10-2022-allegato-a_SENESE_2.txt,
084_0042,09_APUANE_2015 Protocollo Prefettura.txt,09,Toscana,,,Terzo Settore,Terzo Settore,TERZO SETTORE,Altro,Altro,Altro,nome,generico,,0,0,0,,,,30,Altro,9,altro,1,09_APUANE_2015 Protocollo Prefettura.txt,
198_0015,13_2406_rta_13_241122102615_4166---PROTOCOLLOD_INTESACOMUNEAQ_donatellatelliniCAV2023.txt,13,Abruzzo,,,Unione Europea,Unione Europea,UNIONE EUROPEA,Altro,Altro,Altro,nome,da_escludere,,0,0,0,,UE,,30,Altro,9,altro,2,13_2406_rta_13_241122102615_4166---PROTOCOLLOD_INTESACOMUNEAQ_donatellatelliniCAV2023.txt | 13_2406_rta_13_241122115416_4166---PROTOCOLLOPESCARA.txt,
046_0041,03_2406_rta_03_240926122051_4166---Protocollomonz.txt,03,Lombardia,,,Unione Europea,Unione Europea,UNIONE EUROPEA,Altro,Altro,Altro,nome,da_escludere,,0,0,0,,,,30,Altro,9,altro,1,03_2406_rta_03_240926122051_4166---Protocollomonz.txt,
210_0020,16_2406_rta_16_250409174252_4166---Protocollo_Intesa_LARA.txt,16,Puglia,,,Unione Europea,Unione Europea,UNIONE EUROPEA,Altro,Altro,Altro,nome,da_escludere,,0,0,0,,Organizzazione internazionale,,30,Altro,9,altro,2,16_2406_rta_16_250409174252_4166---Protocollo_Intesa_LARA.txt | 16_taranto_protocollo Prefettura ProvinciaTaranto.txt,
094_0016,09_VALDICHIANA_all. decreto 37_2008 protocollo di intesa 2008.txt,09,Toscana,,,Società della salute,Società della Salute,SOCIETA DELLA SALUTE,"Ambiti della programmazione sociale e socio-sanitaria (Ambiti Sociali, Piani di Zona, Distretti socio-sanitari, Società della Salute)","Ambiti della programmazione sociale e socio-sanitaria (Ambiti Sociali, Piani di Zona, Distretti socio-sanitari, Società della Salute)",Altro,nome,generico,attore,1,0,0,,,,9,"Ambiti della programmazione sociale e socio-sanitaria (Ambiti Sociali, Piani di Zona, Distretti socio-sanitari, Società della Salute)",6,Territorio,1,09_VALDICHIANA_all. decreto 37_2008 protocollo di intesa 2008.txt,attore
085_0019,09_AREZZO Prot_2024-2026.txt,09,Toscana,,,Zone Socio-Sanitarie,Zone Socio-Sanitarie,ZONE SOCIO-SANITARIE,"Ambiti della programmazione sociale e socio-sanitaria (Ambiti Sociali, Piani di Zona, Distretti socio-sanitari, Società della Salute)","Ambiti della programmazione sociale e socio-sanitaria (Ambiti Sociali, Piani di Zona, Distretti socio-sanitari, Società della Salute)",Altro,nome,generico,,0,0,0,,"Citato come rappresentanza Comuni, firmatario storico protocolli",,9,"Ambiti della programmazione sociale e socio-sanitaria (Ambiti Sociali, Piani di Zona, Distretti socio-sanitari, Società della Salute)",6,Territorio,1,09_AREZZO Prot_2024-2026.txt,
084_0032,09_APUANE_2015 Protocollo Prefettura.txt,09,Toscana,Firenze,Firenze,Unione Europea,Unione Europea,UNIONE EUROPEA,ORGANIZZAZIONI DI VOLONTARIATO,Ente terzo settore - ETS (iscritto al RUNTS),Associazionismo e ordini,json,da_escludere,,0,0,0,,,01859150466,24,Ente terzo settore - ETS (iscritto al RUNTS)[1],8,associazionismo,1,09_APUANE_2015 Protocollo Prefettura.txt,
204_0031,13_2406_rta_13_241122105540_4166---protocollodirete_vastodonnattiva.txt,13,Abruzzo,,,Centro Antiviolenza,Centri Antiviolenza,CENTRI ANTIVIOLENZA,CAV/Centri Antiviolenza,CAV,CAV e protezione,nome,generico,,0,0,0,,Afferisce ad operatrici coinvolte nella rete di Vasto,,1,CAV,1,CAV,1,13_2406_rta_13_241122105540_4166---protocollodirete_vastodonnattiva.txt,
104_0011,12_2406_rta_12_240926113237_4166---Accordocavunuiversitari.txt,12,Lazio,,,Centri antiviolenza,Centri Antiviolenza,CENTRI ANTIVIOLENZA,CAV/Centri Antiviolenza,CAV,CAV e protezione,nome,generico,attore,1,0,0,,,,1,CAV,1,CAV,14,12_2406_rta_12_240926113237_4166---Accordocavunuiversitari.txt | 12_2406_rta_12_240926134140_4166---Protocollointesa.txt | 12_2406_rta_12_240926143343_4166---2.1protocolloIntegra-CavMerlin(1).txt | 12_2406_rta_12_240927093424_4166---ProtVMunMerlin.txt | 12_2406_rta_12_241001130527_4166---protocollocontrolaviolenzadigenere.pdfpdf.txt | 12_2406_rta_12_241002115125_4166---2protCAVTITANO-AmiciDiConcaD’oro.txt | 12_2406_rta_12_241002115801_4166---3protCAVTITANO-IdeaPrisma82Coop.Soc.txt | 12_2406_rta_12_241003105319_4166---PROTOCOLLODIINTES1_2601def-signed-signed.txt | 12_2406_rta_12_241003111748_4166---ACCORDOMUNICIPIOROMAVeDIPPARIOPPROMACAPITALE_DD.txt | 12_2406_rta_12_241003114137_4166---PROTOCOLLODIINTESAROMAVOLLEYEDD.txt | 12_2406_rta_12_241004113215_4166---Protocollod'intesaP.L.Cerveteri-BeFree.txt | 12_2406_rta_12_241004114912_4166---ProtocolloRetePrantiviolenzaFrosinone.txt | 12_2406_rta_12_241004130514_4166---PROTOCOLLODIINTESAPERLAPROMOZIONEDISTRATEGIECONDIVISESULFENOMENODELLAVIOLENZADIGENERE(1).txt,attore
038_0028,03_2406_rta_03_240923163715_4166---PROTOCOLLOD'INTESA2017_2020.txt,03,Lombardia,,,Centri Antiviolenza,Centri Antiviolenza,CENTRI ANTIVIOLENZA,CAV/Centri Antiviolenza,CAV,CAV e protezione,nome,generico,attore,1,0,0,,soggetti di rete; partecipano ai tavoli tecnici e forniscono supporto alle vittime,,1,CAV,1,CAV,1,03_2406_rta_03_240923163715_4166---PROTOCOLLOD'INTESA2017_2020.txt,attore
002_0008,01_2406_rta_01_240904120005_4166---protocollo.txt,01,Piemonte,,,Centro Antiviolenza,Centri Antiviolenza,CENTRI ANTIVIOLENZA,CAV/Centri Antiviolenza,CAV,CAV e protezione,nome,generico,attore,1,1,0,,Gestito da C.LS.S.A.B.O.; punto di ascolto; équipe di coordinamento,,1,CAV,1,CAV,5,01_2406_rta_01_240904120005_4166---protocollo.txt | 01_2406_rta_01_240904122512_4166---accordoSFD.txt | 01_2406_rta_01_240909103717_4166---PROTOCOLLORETEANTIVIOLENZASVOLTADONNA.txt | 01_2406_rta_01_240924140705_4166---LesConvenzionecoprogettazione.txt | 01_2406_rta_01_241003113501_4166---CCVD1deliberaprotocolloccvd-2024eall1prot.txt,attore|firmatario
210_0029,16_2406_rta_16_250409174252_4166---Protocollo_Intesa_LARA.txt,16,Puglia,,,Centri Antiviolenza,Centri Antiviolenza,CENTRI ANTIVIOLENZA,CAV/Centri Antiviolenza,CAV,CAV e protezione,nome,generico,attore,1,1,0,,Centri presenti sul territorio provinciale,,1,CAV,1,CAV,2,16_2406_rta_16_250409174252_4166---Protocollo_Intesa_LARA.txt | 16_bari_protollo di intesa Putignano_rete antiviolenza.txt,attore|firmatario
089_0014,09_LUCCA PROV.txt,09,Toscana,,,Centri Antiviolenza,Centri Antiviolenza,CENTRI ANTIVIOLENZA,CAV/Centri Antiviolenza,CAV,CAV e protezione,nome,generico,firmatario|attore,1,1,0,,,,1,CAV,1,CAV,4,09_LUCCA PROV.txt | 09_PISA PREF E PROV.txt | 09_PISTOIA PROV .txt | 09_SENESE Delibera-n.1196-del-24-10-2022-allegato-a_SENESE_2.txt,attore|firmatario
023_0003,02_2406_rta_02_240904124958_4166---lrn4del25feb2013.txt,02,Valle d'Aosta/Vallée d'Aoste,,,Centro antiviolenza,Centri Antiviolenza,CENTRI ANTIVIOLENZA,CAV/Centri Antiviolenza,CAV,CAV e protezione,nome,generico,attore,1,0,0,,attività di volontariato e interventi territoriali; dotato di numero telefonico collegato alla rete nazionale,,1,CAV,1,CAV,1,02_2406_rta_02_240904124958_4166---lrn4del25feb2013.txt,attore
064_0007,06_2406_rta_06_240924164454_4166---protocollo_tempo_sospeso.txt,06,Veneto,,,Centro antiviolenza,Centri Antiviolenza,CENTRI ANTIVIOLENZA,CAV/Centri Antiviolenza,CAV,CAV e protezione,nome,generico,,0,0,0,,gestore delle Case a indirizzo segreto,,1,CAV,1,CAV,1,06_2406_rta_06_240924164454_4166---protocollo_tempo_sospeso.txt,
142_0003,12_2406_rta_12_241003110309_4166---ProtocollodiIntesaMunicipio1eDD.txt,12,Lazio,Roma,Roma,Centro Antiviolenza,Centri Antiviolenza,CENTRI ANTIVIOLENZA,CAV/Centri Antiviolenza,CAV,CAV e protezione,json,generico,attore,1,0,0,,Gestito dall’Associazione Differenza Donna Aps/Ong; riferimento per i servizi del protocollo,,1,CAV,1,CAV,1,12_2406_rta_12_241003110309_4166---ProtocollodiIntesaMunicipio1eDD.txt,attore
157_0005,12_2406_rta_12_241004091505_4166---4ProtCAVPAOLALATTESEnjoi(2).txt,12,Lazio,,,Comuni,Comuni,COMUNI,Comuni,Comuni,Servizi comunali,nome,generico,,0,0,0,,Citato come soggetto proponente in una delle opzioni multiple,,3,Comuni,3,Servizi comunali,6,12_2406_rta_12_241004091505_4166---4ProtCAVPAOLALATTESEnjoi(2).txt | 12_2406_rta_12_241004114912_4166---ProtocolloRetePrantiviolenzaFrosinone.txt | 12_2406_rta_12_241004133706_4166---ProtocollodiretePREFETTURAFrosinone(1).txt | 12_2406_rta_12_241004135803_4166---03-ConvenzioneTribunaleOrdinariodiFrosinone.txt | 12_2406_rta_12_241007224201_4166---ProtocolloConilComunediARCE.txt | 12_2406_rta_12_241007225239_4166---10-ProtocolloconilComunediCOLFELICE.txt,
089_0009,09_LUCCA PROV.txt,09,Toscana,,,Comuni,Comuni,COMUNI,Comuni,Comuni,Servizi comunali,nome,generico,firmatario|attore,1,1,0,,Tutti i Comuni della provincia coinvolti,,3,Comuni,3,Servizi comunali,1,09_LUCCA PROV.txt,attore|firmatario
070_0029,08_2406_rta_08_241015091355_4166---PROTOCOLLO_CONTRO_VIOLENZA_firmato2023.txt,08,Emilia-Romagna,,,Servizi Sociali,Servizi sociali,SERVIZI SOCIALI,Servizi sociali comunali,Servizi sociali comunali,Servizi comunali,nome,generico,attore,1,0,0,,Intervengono su segnalazione e per la presa in carico di situazioni di violenza,,6,Servizi sociali comunali,3,Servizi comunali,2,08_2406_rta_08_241015091355_4166---PROTOCOLLO_CONTRO_VIOLENZA_firmato2023.txt | 08_2406_rta_08_241015091430_4166---Protocollo_Distrettuale_Contrasto_violenza_Donne2023.stamped.txt,attore
114_0018,12_2406_rta_12_240926134140_4166---Protocollointesa.txt,12,Lazio,,,servizi sociali,Servizi sociali,SERVIZI SOCIALI,Servizi sociali comunali,Servizi sociali comunali,Servizi comunali,nome,generico,,1,0,0,,,,6,Servizi sociali comunali,3,Servizi comunali,11,12_2406_rta_12_240926134140_4166---Protocollointesa.txt | 12_2406_rta_12_240926135421_4166---3protCAVFRANCARAME-28-30(1).txt | 12_2406_rta_12_240926140522_4166---4ProtintCAVFRANCARAME-38-41(1).txt | 12_2406_rta_12_241002105403_4166---2ProtCAVSAPIENZA-HAPPYCOACHINGANDCOUNSELING.txt | 12_2406_rta_12_241003110309_4166---ProtocollodiIntesaMunicipio1eDD.txt | 12_2406_rta_12_241003121816_4166---Copiadi1.PROTOCOLLOTAVOLOINTERISTITUZIONALE.txt | 12_2406_rta_12_241004092644_4166---5potCAVPAOLALATTESnantes(1).txt | 12_2406_rta_12_241004113215_4166---Protocollod'intesaP.L.Cerveteri-BeFree.txt | 12_2406_rta_12_241004114912_4166---ProtocolloRetePrantiviolenzaFrosinone.txt | 12_2406_rta_12_241004130514_4166---PROTOCOLLODIINTESAPERLAPROMOZIONEDISTRATEGIECONDIVISESULFENOMENODELLAVIOLENZADIGENERE(1).txt | 12_2406_rta_12_241004133706_4166---ProtocollodiretePREFETTURAFrosinone(1).txt,attore
066_0020,07_2406_rta_07_240916163933_4166---sub_14574431199510849525_Protocollo_LVLS-signed.txt,07,Liguria,,,Servizi Sociali,Servizi sociali,SERVIZI SOCIALI,Servizi sociali comunali,Servizi sociali comunali,Servizi comunali,nome,generico,,0,0,0,,,,6,Servizi sociali comunali,3,Servizi comunali,1,07_2406_rta_07_240916163933_4166---sub_14574431199510849525_Protocollo_LVLS-signed.txt,
030_0023,03_2406_rta_03_240920124656_4166---ProtocolloantiviolenzaDEFINITIVO(1).txt,03,Lombardia,,,Servizi Sociali Comunali,Servizi sociali,SERVIZI SOCIALI,Servizi sociali comunali,Servizi sociali comunali,Servizi comunali,nome,generico,attore,1,0,0,,Operatori dei servizi sociali dei Comuni appartenenti ai rispettivi Ambiti Territoriali,,6,Servizi sociali comunali,3,Servizi comunali,2,03_2406_rta_03_240920124656_4166---ProtocolloantiviolenzaDEFINITIVO(1).txt | 03_2406_rta_03_240923163715_4166---PROTOCOLLOD'INTESA2017_2020.txt,attore
100_0034,11_2406_rta_11_240911113911_4166---AscoliPPROTOCOLLOoperativo_2019_2021.txt,11,Marche,,,Servizi sociali comunali,Servizi sociali,SERVIZI SOCIALI,Servizi sociali comunali,Servizi sociali comunali,Servizi comunali,nome,generico,attore,1,0,0,,,,6,Servizi sociali comunali,3,Servizi comunali,1,11_2406_rta_11_240911113911_4166---AscoliPPROTOCOLLOoperativo_2019_2021.txt,attore
006_0014,01_2406_rta_01_240904162242_4166---CONVENZIONETRAASLTO3ESVOLTADONNA.txt,01,Piemonte,,,Servizi Sociali,Servizi sociali,SERVIZI SOCIALI,Servizi sociali comunali,Servizi sociali comunali,Servizi comunali,nome,generico,attore,1,0,0,,Collaborazione con Associazione SvoltaDonna OdV,,6,Servizi sociali comunali,3,Servizi comunali,3,01_2406_rta_01_240904162242_4166---CONVENZIONETRAASLTO3ESVOLTADONNA.txt | 01_2406_rta_01_240909112136_4166---convenzionecarmagnola.txt | 01_2406_rta_01_240920123646_4166---vercellieos.txt,attore
210_0028,16_2406_rta_16_250409174252_4166---Protocollo_Intesa_LARA.txt,16,Puglia,,,Servizi Sociali Comunali,Servizi sociali,SERVIZI SOCIALI,Servizi sociali comunali,Servizi sociali comunali,Servizi comunali,nome,generico,attore,1,0,0,,,,6,Servizi sociali comunali,3,Servizi comunali,2,16_2406_rta_16_250409174252_4166---Protocollo_Intesa_LARA.txt | 16_lecce_Protocollo Operativo - Procedure integrate per la prevenzione e il contrasto alla violenza contro donne e minori - Copia_Marcato.txt,attore
083_0020,09_ALTA VALDELSA Protocollo-violenza-valdelsa-2022_ALTA VALDELSA.txt,09,Toscana,,,Servizi sociali comunali,Servizi sociali,SERVIZI SOCIALI,Servizi sociali comunali,Servizi sociali comunali,Servizi comunali,nome,generico,attore,1,0,0,,Presa in carico integrata,,6,Servizi sociali comunali,3,Servizi comunali,3,09_ALTA VALDELSA Protocollo-violenza-valdelsa-2022_ALTA VALDELSA.txt | 09_FIRENZE Linee-di-indirizzo2024.txt | 09_SENESE Delibera-n.1196-del-24-10-2022-allegato-a_SENESE_2.txt,attore
053_0019,05_2406_rta_05_240916173648_4166---ULSS5Polesana_Protocollodirete.txt,05,Trento,,,Servizi sociali comunali,Servizi sociali,SERVIZI SOCIALI,Servizi sociali comunali,Servizi sociali comunali,Servizi comunali,nome,generico,attore,1,0,0,,,,6,Servizi sociali comunali,3,Servizi comunali,2,05_2406_rta_05_240916173648_4166---ULSS5Polesana_Protocollodirete.txt | 05_2406_rta_05_240919124736_4166---Protocollo_per_contrasto_alla_violenza_di_genere.stamped.txt,attore
062_0019,06_2406_rta_06_240916164153_4166---protocolloprefettura.txt,06,Veneto,,,Servizi sociali,Servizi sociali,SERVIZI SOCIALI,Servizi sociali comunali,Servizi sociali comunali,Servizi comunali,nome,generico,attore,1,0,0,,,,6,Servizi sociali comunali,3,Servizi comunali,1,06_2406_rta_06_240916164153_4166---protocolloprefettura.txt,attore
081_0022,08_2406_rta_08_241015092024_4166---Protocollooperativo.txt,08,Emilia-Romagna,,,Carabinieri,Carabinieri,CARABINIERI,Carabinieri/Polizia/altre forze dell'ordine,Carabinieri/Polizia/altre forze dell'ordine,Settore giudiziario,nome,generico,attore,1,0,0,,Pronto intervento 112,,15,Carabinieri/Polizia/altre forze dell'ordine,2,Settore giudiziario,1,08_2406_rta_08_241015092024_4166---Protocollooperativo.txt,attore
045_0010,03_2406_rta_03_240926114940_4166---ProtocollodiintesaeAllegatoTecnico_SOTTOSCRITTO.txt,03,Lombardia,,,Carabinieri,Carabinieri,CARABINIERI,Carabinieri/Polizia/altre forze dell'ordine,Carabinieri/Polizia/altre forze dell'ordine,Settore giudiziario,nome,generico,firmatario|attore,1,1,0,,Coinvolti tramite Comandante Prov. Carabinieri di Bg.,,15,Carabinieri/Polizia/altre forze dell'ordine,2,Settore giudiziario,1,03_2406_rta_03_240926114940_4166---ProtocollodiintesaeAllegatoTecnico_SOTTOSCRITTO.txt,attore|firmatario
099_0041,11_2406_rta_11_240911113757_4166---All.4ProtocolloReteAntiviolenzasottoscritto18.12.2023.txt,11,Marche,,,Carabinieri,Carabinieri,CARABINIERI,Carabinieri/Polizia/altre forze dell'ordine,Carabinieri/Polizia/altre forze dell'ordine,Settore giudiziario,nome,generico,firmatario|attore,1,1,0,,,,15,Carabinieri/Polizia/altre forze dell'ordine,2,Settore giudiziario,1,11_2406_rta_11_240911113757_4166---All.4ProtocolloReteAntiviolenzasottoscritto18.12.2023.txt,attore|firmatario
005_0011,01_2406_rta_01_240904150044_4166---Protocollocav-irene2022-2025.txt,01,Piemonte,,,Carabinieri,Carabinieri,CARABINIERI,Carabinieri/Polizia/altre forze dell'ordine,Carabinieri/Polizia/altre forze dell'ordine,Settore giudiziario,nome,generico,,0,0,0,,,,15,Carabinieri/Polizia/altre forze dell'ordine,2,Settore giudiziario,1,01_2406_rta_01_240904150044_4166---Protocollocav-irene2022-2025.txt,
218_0016,16_bari_protollo di intesa Putignano_rete antiviolenza.txt,16,Puglia,,,Carabinieri,Carabinieri,CARABINIERI,Carabinieri/Polizia/altre forze dell'ordine,Carabinieri/Polizia/altre forze dell'ordine,Settore giudiziario,nome,generico,firmatario|attore,1,1,0,,Presente al Tavolo Interistituzionale della Rete antiviolenza locale,,15,Carabinieri/Polizia/altre forze dell'ordine,2,Settore giudiziario,1,16_bari_protollo di intesa Putignano_rete antiviolenza.txt,attore|firmatario
094_0018,09_VALDICHIANA_all. decreto 37_2008 protocollo di intesa 2008.txt,09,Toscana,,,Carabinieri,Carabinieri,CARABINIERI,Carabinieri/Polizia/altre forze dell'ordine,Carabinieri/Polizia/altre forze dell'ordine,Settore giudiziario,nome,generico,attore,1,0,0,,,,15,Carabinieri/Polizia/altre forze dell'ordine,2,Settore giudiziario,1,09_VALDICHIANA_all. decreto 37_2008 protocollo di intesa 2008.txt,attore
198_0009,13_2406_rta_13_241122102615_4166---PROTOCOLLOD_INTESACOMUNEAQ_donatellatelliniCAV2023.txt,13,Abruzzo,,,Forze dell’Ordine,Forze dell'ordine,FORZE DELL'ORDINE,Carabinieri/Polizia/altre forze dell'ordine,Carabinieri/Polizia/altre forze dell'ordine,Settore giudiziario,nome,generico,attore,1,0,0,,Integrazione operativa per i percorsi di protezione,,15,Carabinieri/Polizia/altre forze dell'ordine,2,Settore giudiziario,3,13_2406_rta_13_241122102615_4166---PROTOCOLLOD_INTESACOMUNEAQ_donatellatelliniCAV2023.txt | 13_2406_rta_13_241122105938_4166---ACCORDOOPERATIVO.txt | 13_2406_rta_13_241122110421_4166---PROTOCOLLOOPERATIVO.txt,attore
234_0036,18_2406_rta_18_240926102620_4166---protocollopercorsorosa.txt,18,Calabria,,,Forze dell’Ordine,Forze dell'ordine,FORZE DELL'ORDINE,Carabinieri/Polizia/altre forze dell'ordine,Carabinieri/Polizia/altre forze dell'ordine,Settore giudiziario,nome,generico,attore,1,0,0,,Soggetto firmatario tramite Prefettura di Catanzaro,,15,Carabinieri/Polizia/altre forze dell'ordine,2,Settore giudiziario,1,18_2406_rta_18_240926102620_4166---protocollopercorsorosa.txt,attore
079_0016,08_2406_rta_08_241015091917_4166---Protocollo2022-2024.txt,08,Emilia-Romagna,,,Forze dell’Ordine,Forze dell'ordine,FORZE DELL'ORDINE,Carabinieri/Polizia/altre forze dell'ordine,Carabinieri/Polizia/altre forze dell'ordine,Settore giudiziario,nome,generico,,1,0,0,,,,15,Carabinieri/Polizia/altre forze dell'ordine,2,Settore giudiziario,3,08_2406_rta_08_241015091917_4166---Protocollo2022-2024.txt | 08_2406_rta_08_241015092024_4166---Protocollooperativo.txt,attore
114_0008,12_2406_rta_12_240926134140_4166---Protocollointesa.txt,12,Lazio,,,Forze dell’Ordine,Forze dell'ordine,FORZE DELL'ORDINE,Carabinieri/Polizia/altre forze dell'ordine,Carabinieri/Polizia/altre forze dell'ordine,Settore giudiziario,nome,generico,,1,0,0,,coinvolte a vario titolo,,15,Carabinieri/Polizia/altre forze dell'ordine,2,Settore giudiziario,15,12_2406_rta_12_240926134140_4166---Protocollointesa.txt | 12_2406_rta_12_241003112656_4166---AccordodicollaborazioneconsultorieDifferenzaDonna.txt | 12_2406_rta_12_241004113215_4166---Protocollod'intesaP.L.Cerveteri-BeFree.txt | 12_2406_rta_12_241004114912_4166---ProtocolloRetePrantiviolenzaFrosinone.txt | 12_2406_rta_12_241004130514_4166---PROTOCOLLODIINTESAPERLAPROMOZIONEDISTRATEGIECONDIVISESULFENOMENODELLAVIOLENZADIGENERE(1).txt | 12_2406_rta_12_241004133706_4166---ProtocollodiretePREFETTURAFrosinone(1).txt | 12_2406_rta_12_241004141331_4166---ConvenzioneconilComunediCECCANO.txt | 12_2406_rta_12_241004144338_4166---06-ProtocolloComunediVALLECORSA.txt | 12_2406_rta_12_241004145108_4166---07-ProtocolloCONilComunediVILLASANTOSTEFANO.txt | 12_2406_rta_12_241004145702_4166---08-ProtocolloComunediFalvaterra.txt | 12_2406_rta_12_241007224201_4166---ProtocolloConilComunediARCE.txt | 12_2406_rta_12_241007225239_4166---10-ProtocolloconilComunediCOLFELICE.txt | 12_2406_rta_12_241007235530_4166---ProtocolloconilComunediPastena.txt | 12_2406_rta_12_241008150442_4166---1.Protocollo.txt | 12_2406_rta_12_241008150836_4166---2.prot.txt,attore
065_0013,07_2406_rta_07_240916163905_4166---PROTOCOLLOFIRMATO(002).txt,07,Liguria,,,Forze dell’Ordine,Forze dell'ordine,FORZE DELL'ORDINE,Carabinieri/Polizia/altre forze dell'ordine,Carabinieri/Polizia/altre forze dell'ordine,Settore giudiziario,nome,generico,attore,1,0,0,,,,15,Carabinieri/Polizia/altre forze dell'ordine,2,Settore giudiziario,2,07_2406_rta_07_240916163905_4166---PROTOCOLLOFIRMATO(002).txt | 07_2406_rta_07_240916163933_4166---sub_14574431199510849525_Protocollo_LVLS-signed.txt,attore
025_0033,03_2406_rta_03_240918153156_4166---Protocollo_d'Intesa_Rete_Mantova.prot.txt,03,Lombardia,,,Forze dell'Ordine,Forze dell'ordine,FORZE DELL'ORDINE,Carabinieri/Polizia/altre forze dell'ordine,Carabinieri/Polizia/altre forze dell'ordine,Settore giudiziario,nome,generico,attore,1,0,0,,,,15,Carabinieri/Polizia/altre forze dell'ordine,2,Settore giudiziario,5,"03_2406_rta_03_240918153156_4166---Protocollo_d'Intesa_Rete_Mantova.prot.txt | 03_2406_rta_03_240920120751_4166---protocollodiintesa.txt | 03_2406_rta_03_240923111659_4166---ProtocolloantiviolenzaComunediLodi_scansioneconfirme_maggio2014.txt | 03_2406_rta_03_240923163715_4166---PROTOCOLLOD'INTESA2017_2020.txt | 03_2406_rta_03_240923164603_4166---ProtocolloreteantiviolenzaBusto,Gallarate,Saronno,SommaLombardo-2024.txt",attore
096_0032,11_2406_rta_11_240911113034_4166---protocollodireteantiviolenza2020-2022-uuvv.txt,11,Marche,,,Forze dell’Ordine,Forze dell'ordine,FORZE DELL'ORDINE,Carabinieri/Polizia/altre forze dell'ordine,Carabinieri/Polizia/altre forze dell'ordine,Settore giudiziario,nome,generico,attore,1,0,0,,,,15,Carabinieri/Polizia/altre forze dell'ordine,2,Settore giudiziario,1,11_2406_rta_11_240911113034_4166---protocollodireteantiviolenza2020-2022-uuvv.txt,attore
004_0024,01_2406_rta_01_240904122512_4166---accordoSFD.txt,01,Piemonte,,,Forze dell'Ordine,Forze dell'ordine,FORZE DELL'ORDINE,Carabinieri/Polizia/altre forze dell'ordine,Carabinieri/Polizia/altre forze dell'ordine,Settore giudiziario,nome,generico,,1,0,0,,Segnalazione delle donne vittime di violenza,,15,Carabinieri/Polizia/altre forze dell'ordine,2,Settore giudiziario,10,01_2406_rta_01_240904122512_4166---accordoSFD.txt | 01_2406_rta_01_240904162242_4166---CONVENZIONETRAASLTO3ESVOLTADONNA.txt | 01_2406_rta_01_240909103717_4166---PROTOCOLLORETEANTIVIOLENZASVOLTADONNA.txt | 01_2406_rta_01_240909112136_4166---convenzionecarmagnola.txt | 01_2406_rta_01_240920112211_4166---367772-4-Protocollo_intesa_Completo.txt | 01_2406_rta_01_240920123646_4166---vercellieos.txt | 01_2406_rta_01_241003113501_4166---CCVD1deliberaprotocolloccvd-2024eall1prot.txt | 01_2406_rta_01_241003115621_4166---ProtocolloCISCirie.txt | 01_2406_rta_01_241003120726_4166---Protocollod'intesaCISSAC-Puntoacapo.txt | 01_2406_rta_01_241018134519_4166---Protocollooperativointeristituzionaleviolenzadigenere2023-2026def.txt,attore
210_0007,16_2406_rta_16_250409174252_4166---Protocollo_Intesa_LARA.txt,16,Puglia,,,Forze dell’Ordine,Forze dell'ordine,FORZE DELL'ORDINE,Carabinieri/Polizia/altre forze dell'ordine,Carabinieri/Polizia/altre forze dell'ordine,Settore giudiziario,nome,generico,firmatario|attore,1,1,0,,Firmatario del protocollo,,15,Carabinieri/Polizia/altre forze dell'ordine,2,Settore giudiziario,11,16_2406_rta_16_250409174252_4166---Protocollo_Intesa_LARA.txt | 16_bar_protocollo operativo Triggiano_rete antiviolenza.pdf.txt | 16_bari_Protocollo Gioia del Colle_ATS_Rete locale.txt | 16_bari_protocollo operativo Gioia del Colle_EMI.txt | 16_bari_protocollo operativo Grumo_EMI.txt | 16_bari_protocollo operativo Mola di Bari_rete Antiviolenza.txt | 16_bari_protocollo operativo Putignano_EMI.txt | 16_bari_protollo di intesa Putignano_rete antiviolenza.txt | 16_bat_convenzione CAV - ASL BT.txt | 16_lecce_Protocollo Operativo - Procedure integrate per la prevenzione e il contrasto alla violenza contro donne e minori - Copia_Marcato.txt | 16_taranto_protocollo d'intesa CAVGinosa sottoscritto.txt,attore|firmatario
085_0020,09_AREZZO Prot_2024-2026.txt,09,Toscana,,,FF.OO.,Forze dell'ordine,FORZE DELL'ORDINE,Carabinieri/Polizia/altre forze dell'ordine,Carabinieri/Polizia/altre forze dell'ordine,Settore giudiziario,nome,generico,,1,1,0,,Forze dell’ordine indicate tra i soggetti rappresentati dalla Prefettura,,15,Carabinieri/Polizia/altre forze dell'ordine,2,Settore giudiziario,3,09_AREZZO Prot_2024-2026.txt | 09_PISA PREF E PROV.txt | 09_SENESE Delibera-n.1196-del-24-10-2022-allegato-a_SENESE_2.txt,attore|firmatario
058_0019,05_2406_rta_05_240919122126_4166---PROTOCOLLOULSS8BERICA.txt,05,Trento,,,Forze dell'Ordine,Forze dell'ordine,FORZE DELL'ORDINE,Carabinieri/Polizia/altre forze dell'ordine,Carabinieri/Polizia/altre forze dell'ordine,Settore giudiziario,nome,generico,attore,1,0,0,,Soggetto aderente alla rete,,15,Carabinieri/Polizia/altre forze dell'ordine,2,Settore giudiziario,2,05_2406_rta_05_240919122126_4166---PROTOCOLLOULSS8BERICA.txt | 05_2406_rta_05_240919124736_4166---Protocollo_per_contrasto_alla_violenza_di_genere.stamped.txt,attore
023_0012,02_2406_rta_02_240904124958_4166---lrn4del25feb2013.txt,02,Valle d'Aosta/Vallée d'Aoste,,,forze dell'ordine,Forze dell'ordine,FORZE DELL'ORDINE,Carabinieri/Polizia/altre forze dell'ordine,Carabinieri/Polizia/altre forze dell'ordine,Settore giudiziario,nome,generico,attore,1,0,0,,,,15,Carabinieri/Polizia/altre forze dell'ordine,2,Settore giudiziario,1,02_2406_rta_02_240904124958_4166---lrn4del25feb2013.txt,attore
061_0018,06_2406_rta_06_240916164122_4166---prot_n_0119980_2024_Accordo(firmato).txt,06,Veneto,,,Forze dell’Ordine,Forze dell'ordine,FORZE DELL'ORDINE,Carabinieri/Polizia/altre forze dell'ordine,Carabinieri/Polizia/altre forze dell'ordine,Settore giudiziario,nome,generico,,1,0,0,,,,15,Carabinieri/Polizia/altre forze dell'ordine,2,Settore giudiziario,2,06_2406_rta_06_240916164122_4166---prot_n_0119980_2024_Accordo(firmato).txt | 06_2406_rta_06_240916164153_4166---protocolloprefettura.txt,attore
083_0029,09_ALTA VALDELSA Protocollo-violenza-valdelsa-2022_ALTA VALDELSA.txt,09,Toscana,,,Forze di Polizia Giudiziaria,Forze di Polizia Giudiziaria,FORZE DI POLIZIA GIUDIZIARIA,Carabinieri/Polizia/altre forze dell'ordine,Carabinieri/Polizia/altre forze dell'ordine,Settore giudiziario,nome,generico,attore,1,0,0,,,,15,Carabinieri/Polizia/altre forze dell'ordine,2,Settore giudiziario,1,09_ALTA VALDELSA Protocollo-violenza-valdelsa-2022_ALTA VALDELSA.txt,attore
034_0039,03_2406_rta_03_240923105244_4166---ProtocolloViolenzaMilanoFirme2023.txt,03,Lombardia,,,Guardia di Finanza,Guardia di Finanza,GUARDIA DI FINANZA,Carabinieri/Polizia/altre forze dell'ordine,Carabinieri/Polizia/altre forze dell'ordine,Settore giudiziario,nome,generico,firmatario|attore,1,1,0,,,,15,Carabinieri/Polizia/altre forze dell'ordine,2,Settore giudiziario,1,03_2406_rta_03_240923105244_4166---ProtocolloViolenzaMilanoFirme2023.txt,attore|firmatario
099_0040,11_2406_rta_11_240911113757_4166---All.4ProtocolloReteAntiviolenzasottoscritto18.12.2023.txt,11,Marche,,,Guardia di Finanza,Guardia di Finanza,GUARDIA DI FINANZA,Carabinieri/Polizia/altre forze dell'ordine,Carabinieri/Polizia/altre forze dell'ordine,Settore giudiziario,nome,generico,firmatario|attore,1,1,0,,,,15,Carabinieri/Polizia/altre forze dell'ordine,2,Settore giudiziario,1,11_2406_rta_11_240911113757_4166---All.4ProtocolloReteAntiviolenzasottoscritto18.12.2023.txt,attore|firmatario
211_0007,16_2406_rta_16_250410122122_4166---Protocollo_Viola.txt,16,Puglia,,,Guardia di Finanza,Guardia di Finanza,GUARDIA DI FINANZA,Carabinieri/Polizia/altre forze dell'ordine,Carabinieri/Polizia/altre forze dell'ordine,Settore giudiziario,nome,generico,firmatario|attore,1,1,0,,Firmatario del protocollo,,15,Carabinieri/Polizia/altre forze dell'ordine,2,Settore giudiziario,1,16_2406_rta_16_250410122122_4166---Protocollo_Viola.txt,attore|firmatario
083_0031,09_ALTA VALDELSA Protocollo-violenza-valdelsa-2022_ALTA VALDELSA.txt,09,Toscana,,,Guardia di Finanza,Guardia di Finanza,GUARDIA DI FINANZA,Carabinieri/Polizia/altre forze dell'ordine,Carabinieri/Polizia/altre forze dell'ordine,Settore giudiziario,nome,generico,attore,1,0,0,,,,15,Carabinieri/Polizia/altre forze dell'ordine,2,Settore giudiziario,1,09_ALTA VALDELSA Protocollo-violenza-valdelsa-2022_ALTA VALDELSA.txt,attore
075_0030,08_2406_rta_08_241015091655_4166---Aggiornamentointegrazioneprotocollooperativoapprovatonelgiugno2008.txt,08,Emilia-Romagna,,,Polizia Giudiziaria,Polizia Giudiziaria,POLIZIA GIUDIZIARIA,Carabinieri/Polizia/altre forze dell'ordine,Carabinieri/Polizia/altre forze dell'ordine,Settore giudiziario,nome,generico,attore,1,0,0,,"Include Questura, Carabinieri, Polizia",,15,Carabinieri/Polizia/altre forze dell'ordine,2,Settore giudiziario,1,08_2406_rta_08_241015091655_4166---Aggiornamentointegrazioneprotocollooperativoapprovatonelgiugno2008.txt,attore
093_0019,09_SENESE Delibera-n.1196-del-24-10-2022-allegato-a_SENESE_2.txt,09,Toscana,,,Polizia Giudiziaria,Polizia Giudiziaria,POLIZIA GIUDIZIARIA,Carabinieri/Polizia/altre forze dell'ordine,Carabinieri/Polizia/altre forze dell'ordine,Settore giudiziario,nome,generico,attore,1,0,0,,"Riceve referti, denunce; coinvolta in indagini",,15,Carabinieri/Polizia/altre forze dell'ordine,2,Settore giudiziario,1,09_SENESE Delibera-n.1196-del-24-10-2022-allegato-a_SENESE_2.txt,attore
197_0013,13_2406_rta_13_241122101856_4166---Protocollodirete_AlphaGuardiagrele.txt,13,Abruzzo,,,Polizia di Stato,Polizia di Stato,POLIZIA DI STATO,Carabinieri/Polizia/altre forze dell'ordine,Carabinieri/Polizia/altre forze dell'ordine,Settore giudiziario,nome,generico,attore,1,1,0,,Questura di Chieti; coinvolta nella rete e nelle attività,,15,Carabinieri/Polizia/altre forze dell'ordine,2,Settore giudiziario,2,13_2406_rta_13_241122101856_4166---Protocollodirete_AlphaGuardiagrele.txt | 13_2406_rta_13_241122111153_4166---PROTOCOLLOCASTELDISANGROEASL.txt,attore|firmatario
071_0022,08_2406_rta_08_241015091430_4166---Protocollo_Distrettuale_Contrasto_violenza_Donne2023.stamped.txt,08,Emilia-Romagna,,,Polizia di Stato,Polizia di Stato,POLIZIA DI STATO,Carabinieri/Polizia/altre forze dell'ordine,Carabinieri/Polizia/altre forze dell'ordine,Settore giudiziario,nome,generico,attore,1,0,0,,,,15,Carabinieri/Polizia/altre forze dell'ordine,2,Settore giudiziario,3,08_2406_rta_08_241015091430_4166---Protocollo_Distrettuale_Contrasto_violenza_Donne2023.stamped.txt | 08_2406_rta_08_241015092024_4166---Protocollooperativo.txt | 08_2406_rta_08_241015092049_4166---PROTOCOLLOD.G.C.FAENZA304-2009.txt,attore
030_0025,03_2406_rta_03_240920124656_4166---ProtocolloantiviolenzaDEFINITIVO(1).txt,03,Lombardia,,,Polizia di Stato,Polizia di Stato,POLIZIA DI STATO,Carabinieri/Polizia/altre forze dell'ordine,Carabinieri/Polizia/altre forze dell'ordine,Settore giudiziario,nome,generico,attore,1,0,0,,Coinvolta nel Gruppo di Coordinamento,,15,Carabinieri/Polizia/altre forze dell'ordine,2,Settore giudiziario,2,03_2406_rta_03_240920124656_4166---ProtocolloantiviolenzaDEFINITIVO(1).txt | 03_2406_rta_03_240926114940_4166---ProtocollodiintesaeAllegatoTecnico_SOTTOSCRITTO.txt,attore
019_0012,01_2406_rta_01_241003124847_4166---2024-8928-2perinvio.txt,01,Piemonte,,,Polizia di Stato,Polizia di Stato,POLIZIA DI STATO,Carabinieri/Polizia/altre forze dell'ordine,Carabinieri/Polizia/altre forze dell'ordine,Settore giudiziario,nome,generico,,0,0,0,,,,15,Carabinieri/Polizia/altre forze dell'ordine,2,Settore giudiziario,1,01_2406_rta_01_241003124847_4166---2024-8928-2perinvio.txt,
094_0017,09_VALDICHIANA_all. decreto 37_2008 protocollo di intesa 2008.txt,09,Toscana,,,Polizia di Stato,Polizia di Stato,POLIZIA DI STATO,Carabinieri/Polizia/altre forze dell'ordine,Carabinieri/Polizia/altre forze dell'ordine,Settore giudiziario,nome,generico,attore,1,0,0,,,,15,Carabinieri/Polizia/altre forze dell'ordine,2,Settore giudiziario,1,09_VALDICHIANA_all. decreto 37_2008 protocollo di intesa 2008.txt,attore
063_0037,06_2406_rta_06_240916164258_4166---Protocolloviolenzadomesticaedigenere_30.09.2019.txt,06,Veneto,,,Polizia di Stato,Polizia di Stato,POLIZIA DI STATO,Carabinieri/Polizia/altre forze dell'ordine,Carabinieri/Polizia/altre forze dell'ordine,Settore giudiziario,nome,generico,attore,1,0,0,,,,15,Carabinieri/Polizia/altre forze dell'ordine,2,Settore giudiziario,1,06_2406_rta_06_240916164258_4166---Protocolloviolenzadomesticaedigenere_30.09.2019.txt,attore
174_0006,12_2406_rta_12_241004141331_4166---ConvenzioneconilComunediCECCANO.txt,12,Lazio,,,Prefettura,Prefettura,PREFETTURA,Prefettura,Prefettura,Settore giudiziario,nome,generico,,1,0,0,,,,13,Prefettura,2,Settore giudiziario,4,12_2406_rta_12_241004141331_4166---ConvenzioneconilComunediCECCANO.txt | 12_2406_rta_12_241007224201_4166---ProtocolloConilComunediARCE.txt | 12_2406_rta_12_241007225239_4166---10-ProtocolloconilComunediCOLFELICE.txt | 12_2406_rta_12_241008112319_4166---protocollo25.11.2023.txt,attore
031_0002,03_2406_rta_03_240923101524_4166---PROTOCOLLO_DI_INTESA_versione_DEFINITIVA2021.stamped.txt,03,Lombardia,,,Prefettura,Prefettura,PREFETTURA,Prefettura,Prefettura,Settore giudiziario,nome,generico,firmatario|attore,1,1,0,,,,13,Prefettura,2,Settore giudiziario,1,03_2406_rta_03_240923101524_4166---PROTOCOLLO_DI_INTESA_versione_DEFINITIVA2021.stamped.txt,attore|firmatario
086_0034,09_FIRENZE Linee-di-indirizzo2024.txt,09,Toscana,,,Procura minorile,Procura minorile,PROCURA MINORILE,Procura Minorile/Tribunale minorile,Procura Minorile/ Tribunale minorile,Settore giudiziario,nome,generico,,0,0,0,,Destinatario di segnalazioni e interlocutore nei percorsi,,17,Procura Minorile/ Tribunale minorile,2,Settore giudiziario,1,09_FIRENZE Linee-di-indirizzo2024.txt,
081_0013,08_2406_rta_08_241015092024_4166---Protocollooperativo.txt,08,Emilia-Romagna,,,Autorità Giudiziaria,Autorita Giudiziaria,AUTORITA GIUDIZIARIA,Procura Ordinaria/Tribunale/Corte d'appello,Procura Ordinaria/Tribunale/Corte d'appello,Settore giudiziario,nome,generico,,0,0,0,,,,18,Procura Ordinaria/Tribunale/Corte d'appello,2,Settore giudiziario,1,08_2406_rta_08_241015092024_4166---Protocollooperativo.txt,
029_0051,03_2406_rta_03_240920120751_4166---protocollodiintesa.txt,03,Lombardia,,,Autorità Giudiziaria,Autorita Giudiziaria,AUTORITA GIUDIZIARIA,Procura Ordinaria/Tribunale/Corte d'appello,Procura Ordinaria/Tribunale/Corte d'appello,Settore giudiziario,nome,generico,,0,0,0,,,,18,Procura Ordinaria/Tribunale/Corte d'appello,2,Settore giudiziario,1,03_2406_rta_03_240920120751_4166---protocollodiintesa.txt,
020_0013,01_2406_rta_01_241018134519_4166---Protocollooperativointeristituzionaleviolenzadigenere2023-2026def.txt,01,Piemonte,,,Autorità Giudiziaria,Autorita Giudiziaria,AUTORITA GIUDIZIARIA,Procura Ordinaria/Tribunale/Corte d'appello,Procura Ordinaria/Tribunale/Corte d'appello,Settore giudiziario,nome,generico,,0,0,0,,,,18,Procura Ordinaria/Tribunale/Corte d'appello,2,Settore giudiziario,1,01_2406_rta_01_241018134519_4166---Protocollooperativointeristituzionaleviolenzadigenere2023-2026def.txt,
059_0042,05_2406_rta_05_240919124736_4166---Protocollo_per_contrasto_alla_violenza_di_genere.stamped.txt,05,Trento,,,Autorità Giudiziaria,Autorita Giudiziaria,AUTORITA GIUDIZIARIA,Procura Ordinaria/Tribunale/Corte d'appello,Procura Ordinaria/Tribunale/Corte d'appello,Settore giudiziario,nome,generico,,0,0,0,,,,18,Procura Ordinaria/Tribunale/Corte d'appello,2,Settore giudiziario,1,05_2406_rta_05_240919124736_4166---Protocollo_per_contrasto_alla_violenza_di_genere.stamped.txt,
207_0036,13_2406_rta_13_241122111153_4166---PROTOCOLLOCASTELDISANGROEASL.txt,13,Abruzzo,,,Autorità giudiziaria,Autorita giudiziaria,AUTORITA GIUDIZIARIA,Procura Ordinaria/Tribunale/Corte d'appello,Procura Ordinaria/Tribunale/Corte d'appello,Settore giudiziario,nome,generico,,0,0,0,,,,18,Procura Ordinaria/Tribunale/Corte d'appello,2,Settore giudiziario,1,13_2406_rta_13_241122111153_4166---PROTOCOLLOCASTELDISANGROEASL.txt,
086_0033,09_FIRENZE Linee-di-indirizzo2024.txt,09,Toscana,,,Autorita giudiziaria,Autorita giudiziaria,AUTORITA GIUDIZIARIA,Procura Ordinaria/Tribunale/Corte d'appello,Procura Ordinaria/Tribunale/Corte d'appello,Settore giudiziario,nome,generico,,0,0,0,,Destinatario di segnalazioni e interlocutore nei percorsi,,18,Procura Ordinaria/Tribunale/Corte d'appello,2,Settore giudiziario,1,09_FIRENZE Linee-di-indirizzo2024.txt,
086_0036,09_FIRENZE Linee-di-indirizzo2024.txt,09,Toscana,,,Presidente del Tribunale,Presidente del Tribunale,PRESIDENTE DEL TRIBUNALE,Procura Ordinaria/Tribunale/Corte d'appello,Procura Ordinaria/Tribunale/Corte d'appello,Settore giudiziario,nome,generico,,0,0,0,,Puo fissare udienza e acquisire relazioni dei servizi,,18,Procura Ordinaria/Tribunale/Corte d'appello,2,Settore giudiziario,1,09_FIRENZE Linee-di-indirizzo2024.txt,
104_0007,12_2406_rta_12_240926113237_4166---Accordocavunuiversitari.txt,12,Lazio,Roma,Roma,Procura,Procura,PROCURA,Procura Ordinaria/Tribunale/Corte d'appello,Procura Ordinaria/Tribunale/Corte d'appello,Settore giudiziario,json,generico,attore,1,0,0,,,97004260580,18,Procura Ordinaria/Tribunale/Corte d'appello,2,Settore giudiziario,2,12_2406_rta_12_240926113237_4166---Accordocavunuiversitari.txt | 12_2406_rta_12_241004141331_4166---ConvenzioneconilComunediCECCANO.txt,attore
146_0010,12_2406_rta_12_241003112656_4166---AccordodicollaborazioneconsultorieDifferenzaDonna.txt,12,Lazio,,,Procura della Repubblica,Procura della Repubblica,PROCURA DELLA REPUBBLICA,Procura Ordinaria/Tribunale/Corte d'appello,Procura Ordinaria/Tribunale/Corte d'appello,Settore giudiziario,nome,generico,,1,0,0,,,,18,Procura Ordinaria/Tribunale/Corte d'appello,2,Settore giudiziario,8,12_2406_rta_12_241003112656_4166---AccordodicollaborazioneconsultorieDifferenzaDonna.txt | 12_2406_rta_12_241004144338_4166---06-ProtocolloComunediVALLECORSA.txt | 12_2406_rta_12_241004145108_4166---07-ProtocolloCONilComunediVILLASANTOSTEFANO.txt | 12_2406_rta_12_241004145702_4166---08-ProtocolloComunediFalvaterra.txt | 12_2406_rta_12_241007224201_4166---ProtocolloConilComunediARCE.txt | 12_2406_rta_12_241007225239_4166---10-ProtocolloconilComunediCOLFELICE.txt | 12_2406_rta_12_241007235530_4166---ProtocolloconilComunediPastena.txt | 12_2406_rta_12_241008112319_4166---protocollo25.11.2023.txt,attore
003_0012,01_2406_rta_01_240904121349_4166---convenzione.txt,01,Piemonte,,,Procura della Repubblica,Procura della Repubblica,PROCURA DELLA REPUBBLICA,Procura Ordinaria/Tribunale/Corte d'appello,Procura Ordinaria/Tribunale/Corte d'appello,Settore giudiziario,nome,generico,,0,0,0,,Firmatario dei precedenti protocolli,,18,Procura Ordinaria/Tribunale/Corte d'appello,2,Settore giudiziario,1,01_2406_rta_01_240904121349_4166---convenzione.txt,
218_0012,16_bari_protollo di intesa Putignano_rete antiviolenza.txt,16,Puglia,,,Procura della Repubblica,Procura della Repubblica,PROCURA DELLA REPUBBLICA,Procura Ordinaria/Tribunale/Corte d'appello,Procura Ordinaria/Tribunale/Corte d'appello,Settore giudiziario,nome,generico,firmatario|attore,1,1,0,,,,18,Procura Ordinaria/Tribunale/Corte d'appello,2,Settore giudiziario,3,16_bari_protollo di intesa Putignano_rete antiviolenza.txt | 16_bat_convenzione CAV - ASL BT.txt | 16_taranto_protocollo Prefettura ProvinciaTaranto.txt,attore|firmatario
089_0003,09_LUCCA PROV.txt,09,Toscana,,,Procura della Repubblica,Procura della Repubblica,PROCURA DELLA REPUBBLICA,Procura Ordinaria/Tribunale/Corte d'appello,Procura Ordinaria/Tribunale/Corte d'appello,Settore giudiziario,nome,generico,firmatario|attore,1,1,0,,,,18,Procura Ordinaria/Tribunale/Corte d'appello,2,Settore giudiziario,2,09_LUCCA PROV.txt | 09_PISA PREF E PROV.txt,attore|firmatario
174_0009,12_2406_rta_12_241004141331_4166---ConvenzioneconilComunediCECCANO.txt,12,Lazio,,,Tribunale,Tribunale,TRIBUNALE,Procura Ordinaria/Tribunale/Corte d'appello,Procura Ordinaria/Tribunale/Corte d'appello,Settore giudiziario,nome,generico,,0,0,0,,,,18,Procura Ordinaria/Tribunale/Corte d'appello,2,Settore giudiziario,5,12_2406_rta_12_241004141331_4166---ConvenzioneconilComunediCECCANO.txt | 12_2406_rta_12_241004144338_4166---06-ProtocolloComunediVALLECORSA.txt | 12_2406_rta_12_241007224201_4166---ProtocolloConilComunediARCE.txt | 12_2406_rta_12_241007225239_4166---10-ProtocolloconilComunediCOLFELICE.txt | 12_2406_rta_12_241007235530_4166---ProtocolloconilComunediPastena.txt,
018_0005,01_2406_rta_01_241003120726_4166---Protocollod'intesaCISSAC-Puntoacapo.txt,01,Piemonte,,,Tribunale,Tribunale,TRIBUNALE,Procura Ordinaria/Tribunale/Corte d'appello,Procura Ordinaria/Tribunale/Corte d'appello,Settore giudiziario,nome,generico,,0,0,0,,Coinvolto nelle pratiche giuridico legali delle donne assistite,,18,Procura Ordinaria/Tribunale/Corte d'appello,2,Settore giudiziario,1,01_2406_rta_01_241003120726_4166---Protocollod'intesaCISSAC-Puntoacapo.txt,
220_0009,16_bat_convenzione CAV - ASL BT.txt,16,Puglia,,,Tribunale,Tribunale,TRIBUNALE,Procura Ordinaria/Tribunale/Corte d'appello,Procura Ordinaria/Tribunale/Corte d'appello,Settore giudiziario,nome,generico,,1,0,0,,citato in merito alle segnalazioni nei casi di violenza,,18,Procura Ordinaria/Tribunale/Corte d'appello,2,Settore giudiziario,2,16_bat_convenzione CAV - ASL BT.txt | 16_taranto_protocollo Prefettura ProvinciaTaranto.txt,attore
086_0035,09_FIRENZE Linee-di-indirizzo2024.txt,09,Toscana,,,Tribunale Ordinario,Tribunale Ordinario,TRIBUNALE ORDINARIO,Procura Ordinaria/Tribunale/Corte d'appello,Procura Ordinaria/Tribunale/Corte d'appello,Settore giudiziario,nome,generico,,0,0,0,,Destinatario di segnalazioni e interlocutore nei percorsi,,18,Procura Ordinaria/Tribunale/Corte d'appello,2,Settore giudiziario,1,09_FIRENZE Linee-di-indirizzo2024.txt,
071_0051,08_2406_rta_08_241015091430_4166---Protocollo_Distrettuale_Contrasto_violenza_Donne2023.stamped.txt,08,Emilia-Romagna,,,Tribunale ordinario,Tribunale ordinario,TRIBUNALE ORDINARIO,Procura Ordinaria/Tribunale/Corte d'appello,Procura Ordinaria/Tribunale/Corte d'appello,Settore giudiziario,nome,generico,,0,0,0,,Invii a CAM,,18,Procura Ordinaria/Tribunale/Corte d'appello,2,Settore giudiziario,2,08_2406_rta_08_241015091430_4166---Protocollo_Distrettuale_Contrasto_violenza_Donne2023.stamped.txt | 08_2406_rta_08_241015092024_4166---Protocollooperativo.txt,
031_0005,03_2406_rta_03_240923101524_4166---PROTOCOLLO_DI_INTESA_versione_DEFINITIVA2021.stamped.txt,03,Lombardia,,,Tribunale ordinario,Tribunale ordinario,TRIBUNALE ORDINARIO,Procura Ordinaria/Tribunale/Corte d'appello,Procura Ordinaria/Tribunale/Corte d'appello,Settore giudiziario,nome,generico,firmatario|attore,1,1,0,,,,18,Procura Ordinaria/Tribunale/Corte d'appello,2,Settore giudiziario,1,03_2406_rta_03_240923101524_4166---PROTOCOLLO_DI_INTESA_versione_DEFINITIVA2021.stamped.txt,attore|firmatario
031_0003,03_2406_rta_03_240923101524_4166---PROTOCOLLO_DI_INTESA_versione_DEFINITIVA2021.stamped.txt,03,Lombardia,,,Questura,Questura,QUESTURA,Questura,Questura,Settore giudiziario,nome,generico,firmatario|attore,1,1,0,,,,14,Questura,2,Settore giudiziario,1,03_2406_rta_03_240923101524_4166---PROTOCOLLO_DI_INTESA_versione_DEFINITIVA2021.stamped.txt,attore|firmatario
005_0010,01_2406_rta_01_240904150044_4166---Protocollocav-irene2022-2025.txt,01,Piemonte,,,Questura,Questura,QUESTURA,Questura,Questura,Settore giudiziario,nome,generico,,0,0,0,,,,14,Questura,2,Settore giudiziario,1,01_2406_rta_01_240904150044_4166---Protocollocav-irene2022-2025.txt,
223_0007,16_taranto_protocollo Prefettura ProvinciaTaranto.txt,16,Puglia,,,Questura,Questura,QUESTURA,Questura,Questura,Settore giudiziario,nome,generico,attore,1,0,0,,,,14,Questura,2,Settore giudiziario,1,16_taranto_protocollo Prefettura ProvinciaTaranto.txt,attore
093_0026,09_SENESE Delibera-n.1196-del-24-10-2022-allegato-a_SENESE_2.txt,09,Toscana,,,Questura,Questura,QUESTURA,Questura,Questura,Settore giudiziario,nome,generico,,0,0,0,,Destinatario di denunce/referti,,14,Questura,2,Settore giudiziario,1,09_SENESE Delibera-n.1196-del-24-10-2022-allegato-a_SENESE_2.txt,
093_0017,09_SENESE Delibera-n.1196-del-24-10-2022-allegato-a_SENESE_2.txt,09,Toscana,,,Aziende Sanitarie,Aziende Sanitarie,AZIENDE SANITARIE,ASL (consultori familiari e altri servizi territoriali),ASL (consultori familiari e altri servizi territoriali),Settore sanitario,nome,generico,attore,1,0,0,,Parte dei flussi dati e percorsi codici rosa,,12,ASL (consultori familiari e altri servizi territoriali),4,settore sanitario,1,09_SENESE Delibera-n.1196-del-24-10-2022-allegato-a_SENESE_2.txt,attore
139_0012,12_2406_rta_12_241003104626_4166---PROTOCOLLODIINTESAMUNICIPIOXV.txt,12,Lazio,,,Aziende sanitarie,Aziende sanitarie,AZIENDE SANITARIE,ASL (consultori familiari e altri servizi territoriali),ASL (consultori familiari e altri servizi territoriali),Settore sanitario,nome,generico,,0,0,0,,,,12,ASL (consultori familiari e altri servizi territoriali),4,settore sanitario,1,12_2406_rta_12_241003104626_4166---PROTOCOLLODIINTESAMUNICIPIOXV.txt,
093_0009,09_SENESE Delibera-n.1196-del-24-10-2022-allegato-a_SENESE_2.txt,09,Toscana,,,Aziende sanitarie toscane,Aziende sanitarie toscane,AZIENDE SANITARIE TOSCANE,ASL (consultori familiari e altri servizi territoriali),ASL (consultori familiari e altri servizi territoriali),Settore sanitario,nome,generico,attore,1,0,0,,Destinatarie della diffusione e sperimentazione,,12,ASL (consultori familiari e altri servizi territoriali),4,settore sanitario,1,09_SENESE Delibera-n.1196-del-24-10-2022-allegato-a_SENESE_2.txt,attore
174_0014,12_2406_rta_12_241004141331_4166---ConvenzioneconilComunediCECCANO.txt,12,Lazio,,,Consultorio,Consultorio,CONSULTORIO,ASL (consultori familiari e altri servizi territoriali),ASL (consultori familiari e altri servizi territoriali),Settore sanitario,nome,generico,,0,0,0,,Citato tra i servizi territoriali della rete,,12,ASL (consultori familiari e altri servizi territoriali),4,settore sanitario,1,12_2406_rta_12_241004141331_4166---ConvenzioneconilComunediCECCANO.txt,
093_0030,09_SENESE Delibera-n.1196-del-24-10-2022-allegato-a_SENESE_2.txt,09,Toscana,,,Consultorio,Consultorio,CONSULTORIO,ASL (consultori familiari e altri servizi territoriali),ASL (consultori familiari e altri servizi territoriali),Settore sanitario,nome,generico,,1,0,0,,Intervento su minori e salute donne,,12,ASL (consultori familiari e altri servizi territoriali),4,settore sanitario,2,09_SENESE Delibera-n.1196-del-24-10-2022-allegato-a_SENESE_2.txt | 09_VALDICHIANA_all. decreto 37_2008 protocollo di intesa 2008.txt,attore
084_0029,09_APUANE_2015 Protocollo Prefettura.txt,09,Toscana,,,Consultorio principale,Consultorio principale,CONSULTORIO PRINCIPALE,ASL (consultori familiari e altri servizi territoriali),ASL (consultori familiari e altri servizi territoriali),Settore sanitario,nome,generico,attore,1,0,0,,,,12,ASL (consultori familiari e altri servizi territoriali),4,settore sanitario,1,09_APUANE_2015 Protocollo Prefettura.txt,attore
084_0030,09_APUANE_2015 Protocollo Prefettura.txt,09,Toscana,,,Direttore Sanitario,Direttore Sanitario,DIRETTORE SANITARIO,ASL (consultori familiari e altri servizi territoriali),ASL (consultori familiari e altri servizi territoriali),Settore sanitario,nome,generico,,0,0,0,,,,12,ASL (consultori familiari e altri servizi territoriali),4,settore sanitario,1,09_APUANE_2015 Protocollo Prefettura.txt,
088_0018,09_LIVORNO Protocollo_ RETE ANTIVIOLENZA_ LIVORNO.txt,09,Toscana,,,Servizio Sanitario della Toscana,Servizio Sanitario della Toscana,SERVIZIO SANITARIO DELLA TOSCANA,ASL (consultori familiari e altri servizi territoriali),ASL (consultori familiari e altri servizi territoriali),Settore sanitario,nome,generico,,0,0,0,,,,12,ASL (consultori familiari e altri servizi territoriali),4,settore sanitario,1,09_LIVORNO Protocollo_ RETE ANTIVIOLENZA_ LIVORNO.txt,
022_0004,01_2406_rta_01_241018142804_4166---ConvenzioneASL-Prontosoccorsoceva.txt,01,Piemonte,,,consultorio,consultorio,CONSULTORIO,ASL (consultori familiari e altri servizi territoriali),ASL (consultori familiari e altri servizi territoriali),Settore sanitario,nome,generico,,0,0,0,,servizio di supporto attivabile dalle volontarie,,12,ASL (consultori familiari e altri servizi territoriali),4,settore sanitario,1,01_2406_rta_01_241018142804_4166---ConvenzioneASL-Prontosoccorsoceva.txt,
093_0028,09_SENESE Delibera-n.1196-del-24-10-2022-allegato-a_SENESE_2.txt,09,Toscana,,,Ambulatorio,Ambulatorio,AMBULATORIO,"Ospedale (Pronto soccorso, ecc.)","Ospedale (Pronto soccorso, ecc.)",Settore sanitario,nome,generico,,0,0,0,,Ambito sanitario per visite/cure,,11,"Ospedale (Pronto soccorso, ecc.)",4,settore sanitario,1,09_SENESE Delibera-n.1196-del-24-10-2022-allegato-a_SENESE_2.txt,
075_0020,08_2406_rta_08_241015091655_4166---Aggiornamentointegrazioneprotocollooperativoapprovatonelgiugno2008.txt,08,Emilia-Romagna,,,Pronto Soccorso,Pronto Soccorso,PRONTO SOCCORSO,"Ospedale (Pronto soccorso, ecc.)","Ospedale (Pronto soccorso, ecc.)",Settore sanitario,nome,generico,attore,1,0,0,,,,11,"Ospedale (Pronto soccorso, ecc.)",4,settore sanitario,3,08_2406_rta_08_241015091655_4166---Aggiornamentointegrazioneprotocollooperativoapprovatonelgiugno2008.txt | 08_2406_rta_08_241015091917_4166---Protocollo2022-2024.txt | 08_2406_rta_08_241015092024_4166---Protocollooperativo.txt,attore
093_0018,09_SENESE Delibera-n.1196-del-24-10-2022-allegato-a_SENESE_2.txt,09,Toscana,,,Pronto Soccorso,Pronto Soccorso,PRONTO SOCCORSO,"Ospedale (Pronto soccorso, ecc.)","Ospedale (Pronto soccorso, ecc.)",Settore sanitario,nome,generico,attore,1,0,0,,Ambito di accesso e di intervento,,11,"Ospedale (Pronto soccorso, ecc.)",4,settore sanitario,3,09_SENESE Delibera-n.1196-del-24-10-2022-allegato-a_SENESE_2.txt | 09_VALDICHIANA_all. decreto 37_2008 protocollo di intesa 2008.txt,attore
153_0011,12_2406_rta_12_241003120714_4166---ASLROMA5_.txt,12,Lazio,Roma,Roma,Pronto Soccorso,Pronto Soccorso,PRONTO SOCCORSO,"Ospedale (Pronto soccorso, ecc.)","Ospedale (Pronto soccorso, ecc.)",Settore sanitario,json,generico,,0,0,0,,accesso per le donne vittime di violenza nel percorso Codice Rosa,97983510583,11,"Ospedale (Pronto soccorso, ecc.)",4,settore sanitario,5,12_2406_rta_12_241003120714_4166---ASLROMA5_.txt | 12_2406_rta_12_241004144338_4166---06-ProtocolloComunediVALLECORSA.txt | 12_2406_rta_12_241007224201_4166---ProtocolloConilComunediARCE.txt | 12_2406_rta_12_241007225239_4166---10-ProtocolloconilComunediCOLFELICE.txt | 12_2406_rta_12_241007235530_4166---ProtocolloconilComunediPastena.txt,
023_0017,02_2406_rta_02_240904124958_4166---lrn4del25feb2013.txt,02,Valle d'Aosta/Vallee d'Aoste,Valle d'Aosta/Vallee d'Aoste,Verres,Pronto Soccorso,Pronto Soccorso,PRONTO SOCCORSO,"Ospedale (Pronto soccorso, ecc.)","Ospedale (Pronto soccorso, ecc.)",Settore sanitario,json,generico,attore,1,0,0,,struttura sanitaria competente in materia di urgenza,90008240070,11,"Ospedale (Pronto soccorso, ecc.)",4,settore sanitario,1,02_2406_rta_02_240904124958_4166---lrn4del25feb2013.txt,attore
217_0027,16_bari_protocollo operativo Putignano_EMI.txt,16,Puglia,,,Pronto soccorso,Pronto soccorso,PRONTO SOCCORSO,"Ospedale (Pronto soccorso, ecc.)","Ospedale (Pronto soccorso, ecc.)",Settore sanitario,nome,generico,,1,0,0,,,,11,"Ospedale (Pronto soccorso, ecc.)",4,settore sanitario,3,16_bar_protocollo operativo Triggiano_rete antiviolenza.pdf.txt | 16_bari_protocollo operativo Putignano_EMI.txt | 16_bat_convenzione CAV - ASL BT.txt,attore
093_0029,09_SENESE Delibera-n.1196-del-24-10-2022-allegato-a_SENESE_2.txt,09,Toscana,,,Unità Operativa,Unità Operativa,UNITA OPERATIVA,"Ospedale (Pronto soccorso, ecc.)","Ospedale (Pronto soccorso, ecc.)",Settore sanitario,nome,generico,,0,0,0,,Ambito sanitario specifico,,11,"Ospedale (Pronto soccorso, ecc.)",4,settore sanitario,1,09_SENESE Delibera-n.1196-del-24-10-2022-allegato-a_SENESE_2.txt,
