lat,lon,nome,comune,provincia,regione,tipo,ruolo,is_firmatario,is_proponente,is_attore,is_gestione,is_monitoraggio,is_coordinamento,is_governance,ruolo_list,governance_detail,nome_key,tipo_key,comune_key,provincia_key,regione_key,ruolo_key
44.698185,7.854681,Comune di Bra,Bra,Cuneo,Piemonte,Comuni,"firmatario, proponente, attore, gestione",True,True,True,True,False,False,True,"['firmatario', 'proponente', 'attore', 'gestione']",gestione,comune di bra,comuni,bra,cuneo,piemonte,"firmatario, proponente, attore, gestione"
45.566565,8.053801,Presidio Ospedaliero di Biella,Biella,Biella,Piemonte,"Ospedale (Pronto soccorso, ecc.)","attore, gestione",False,False,True,True,False,False,True,"['attore', 'gestione']",gestione,presidio ospedaliero di biella,"ospedale (pronto soccorso, ecc.)",biella,biella,piemonte,"attore, gestione"
45.566565,8.053801,Cooperativa Sociale Anteo,Biella,Biella,Piemonte,IMPRESE SOCIALI,"attore, gestione",False,False,True,True,False,False,True,"['attore', 'gestione']",gestione,cooperativa sociale anteo,imprese sociali,biella,biella,piemonte,"attore, gestione"
45.566565,8.053801,Comune di Biella,Biella,Biella,Piemonte,Comuni,"attore, gestione",False,False,True,True,False,False,True,"['attore', 'gestione']",gestione,comune di biella,comuni,biella,biella,piemonte,"attore, gestione"
44.887333,7.33205,Associazione SvoltaDonna OdV - Centro Antiviolenza,Pinerolo,Torino,Piemonte,CAV/Centri Antiviolenza,"firmatario, attore, gestione",True,False,True,True,False,False,True,"['firmatario', 'attore', 'gestione']",gestione,associazione svoltadonna odv - centro antiviolenza,cav/centri antiviolenza,pinerolo,torino,piemonte,"firmatario, attore, gestione"
45.073289,7.680696,CENTRI ANTIVIOLENZA E.M.M.A. ONLUS,Torino,Torino,Piemonte,CAV/Centri Antiviolenza,"firmatario, proponente, attore, coordinamento",True,True,True,False,False,True,True,"['firmatario', 'proponente', 'attore', 'coordinamento']",coordinamento,centri antiviolenza e.m.m.a. onlus,cav/centri antiviolenza,torino,torino,piemonte,"firmatario, proponente, attore, coordinamento"
44.846479,7.718085,Comune di Carmagnola,Carmagnola,Torino,Piemonte,Comuni,"firmatario, attore, gestione",True,False,True,True,False,False,True,"['firmatario', 'attore', 'gestione']",gestione,comune di carmagnola,comuni,carmagnola,torino,piemonte,"firmatario, attore, gestione"
45.073289,7.680696,CENTRI ANTIVIOLENZA E.M.M.A. ONLUS,Torino,Torino,Piemonte,CAV/Centri Antiviolenza,"firmatario, attore, gestione",True,False,True,True,False,False,True,"['firmatario', 'attore', 'gestione']",gestione,centri antiviolenza e.m.m.a. onlus,cav/centri antiviolenza,torino,torino,piemonte,"firmatario, attore, gestione"
44.393296,7.551228,Coop. Fiordaliso Soc. Coop. Sociale Onlus,Cuneo,Cuneo,Piemonte,Ente terzo settore - ETS (iscritto al RUNTS),"firmatario, attore, gestione",True,False,True,True,False,False,True,"['firmatario', 'attore', 'gestione']",gestione,coop. fiordaliso soc. coop. sociale onlus,ente terzo settore - ets (iscritto al runts),cuneo,cuneo,piemonte,"firmatario, attore, gestione"
45.366952,8.17434,C.I.S.A.S. (Consorzio Intercomunale per i Servizi di Assistenza Sociale di Santhia),Santhia,Vercelli,Piemonte,CAV/Centri Antiviolenza,"firmatario, proponente, attore, gestione",True,True,True,True,False,False,True,"['firmatario', 'proponente', 'attore', 'gestione']",gestione,c.i.s.a.s. (consorzio intercomunale per i servizi di assistenza sociale di santhia),cav/centri antiviolenza,santhia,vercelli,piemonte,"firmatario, proponente, attore, gestione"
45.617923,8.370763,C.A.S.A. (Consorzio per l’Attivita Socio Assistenziale di Gattinara),Gattinara,Vercelli,Piemonte,CAV/Centri Antiviolenza,"firmatario, proponente, attore, gestione",True,True,True,True,False,False,True,"['firmatario', 'proponente', 'attore', 'gestione']",gestione,c.a.s.a. (consorzio per l’attivita socio assistenziale di gattinara),cav/centri antiviolenza,gattinara,vercelli,piemonte,"firmatario, proponente, attore, gestione"
45.073289,7.680696,Servizio competente in materia di Pari Opportunità della Città di Torino,Torino,Torino,Piemonte,Altro,"firmatario, proponente, attore, coordinamento",True,True,True,False,False,True,True,"['firmatario', 'proponente', 'attore', 'coordinamento']",coordinamento,servizio competente in materia di pari opportunità della città di torino,altro,torino,torino,piemonte,"firmatario, proponente, attore, coordinamento"
45.073289,7.680696,Centro Sanitario Esperto contro la violenza dell’A.O.U. Città della Salute e della Scienza di Torino,Torino,Torino,Piemonte,ASL (consultori familiari e altri servizi territoriali),"attore, monitoraggio",False,False,True,False,True,False,True,"['attore', 'monitoraggio']",monitoraggio,centro sanitario esperto contro la violenza dell’a.o.u. città della salute e della scienza di torino,asl (consultori familiari e altri servizi territoriali),torino,torino,piemonte,"attore, monitoraggio"
45.307818,7.89149,CONSORZIO INTERCOMUNALE SERVIZI SOCIO ASSISTENZIALI DI CALUSO - C.1.S.S - AC,Caluso,Torino,Piemonte,"Ambiti della programmazione sociale e socio-sanitaria (Ambiti Sociali, Piani di Zona, Distretti socio-sanitari, Società della Salute)","firmatario, attore, gestione",True,False,True,True,False,False,True,"['firmatario', 'attore', 'gestione']",gestione,consorzio intercomunale servizi socio assistenziali di caluso - c.1.s.s - ac,"ambiti della programmazione sociale e socio-sanitaria (ambiti sociali, piani di zona, distretti socio-sanitari, società della salute)",caluso,torino,piemonte,"firmatario, attore, gestione"
45.323984,8.423214,Rete Vercellese Antiviolenza,Vercelli,Vercelli,Piemonte,Altro,coordinamento,False,False,False,False,False,True,True,['coordinamento'],coordinamento,rete vercellese antiviolenza,altro,vercelli,vercelli,piemonte,coordinamento
45.323984,8.423214,Settore Politiche Sociali del Comune di Vercelli,Vercelli,Vercelli,Piemonte,Servizi sociali comunali,"firmatario, proponente, attore, coordinamento",True,True,True,False,False,True,True,"['firmatario', 'proponente', 'attore', 'coordinamento']",coordinamento,settore politiche sociali del comune di vercelli,servizi sociali comunali,vercelli,vercelli,piemonte,"firmatario, proponente, attore, coordinamento"
45.185033,9.159774,Comune di Pavia,Pavia,Pavia,Lombardia,Comuni,"firmatario, proponente, attore, coordinamento",True,True,True,False,False,True,True,"['firmatario', 'proponente', 'attore', 'coordinamento']",coordinamento,comune di pavia,comuni,pavia,pavia,lombardia,"firmatario, proponente, attore, coordinamento"
45.185033,9.159774,Prefettura - Ufficio Territoriale del Governo di Pavia,Pavia,Pavia,Lombardia,Prefettura,"firmatario, proponente, attore, coordinamento",True,True,True,False,False,True,True,"['firmatario', 'proponente', 'attore', 'coordinamento']",coordinamento,prefettura - ufficio territoriale del governo di pavia,prefettura,pavia,pavia,lombardia,"firmatario, proponente, attore, coordinamento"
45.185033,9.159774,Cooperativa sociale LiberaMente - Percorsi di donne contro la violenza Onlus,Pavia,Pavia,Lombardia,CAV/Centri Antiviolenza,"firmatario, attore, gestione",True,False,True,True,False,False,True,"['firmatario', 'attore', 'gestione']",gestione,cooperativa sociale liberamente - percorsi di donne contro la violenza onlus,cav/centri antiviolenza,pavia,pavia,lombardia,"firmatario, attore, gestione"
44.993109,9.008565,Associazione C.H.I.A.R.A. Onlus,Voghera,Pavia,Lombardia,CAV/Centri Antiviolenza,"firmatario, attore, gestione",True,False,True,True,False,False,True,"['firmatario', 'attore', 'gestione']",gestione,associazione c.h.i.a.r.a. onlus,cav/centri antiviolenza,voghera,pavia,lombardia,"firmatario, attore, gestione"
45.317806,8.859904,Cooperativa sociale KORE Onlus,Vigevano,Pavia,Lombardia,CAV/Centri Antiviolenza,"firmatario, attore, gestione",True,False,True,True,False,False,True,"['firmatario', 'attore', 'gestione']",gestione,cooperativa sociale kore onlus,cav/centri antiviolenza,vigevano,pavia,lombardia,"firmatario, attore, gestione"
45.165196,10.845708,Associazione Abramo ETS - Ente della Diocesi di Mantova,San Giorgio Bigarello,Mantova,Lombardia,CAV/Centri Antiviolenza,"firmatario, proponente, attore, gestione",True,True,True,True,False,False,True,"['firmatario', 'proponente', 'attore', 'gestione']",gestione,associazione abramo ets - ente della diocesi di mantova,cav/centri antiviolenza,san giorgio bigarello,mantova,lombardia,"firmatario, proponente, attore, gestione"
45.855317,9.393736,Comune di Lecco,Lecco,Lecco,Lombardia,Comuni,"firmatario, proponente, attore, coordinamento",True,True,True,False,False,True,True,"['firmatario', 'proponente', 'attore', 'coordinamento']",coordinamento,comune di lecco,comuni,lecco,lecco,lombardia,"firmatario, proponente, attore, coordinamento"
45.855317,9.393736,Prefettura di Lecco,Lecco,Lecco,Lombardia,Prefettura,"firmatario, proponente, attore, coordinamento",True,True,True,False,False,True,True,"['firmatario', 'proponente', 'attore', 'coordinamento']",coordinamento,prefettura di lecco,prefettura,lecco,lecco,lombardia,"firmatario, proponente, attore, coordinamento"
45.855317,9.393736,Azienda Socio Sanitaria Territoriale (ASST) di Lecco,Lecco,Lecco,Lombardia,ASL (consultori familiari e altri servizi territoriali),"firmatario, proponente, attore, coordinamento",True,True,True,False,False,True,True,"['firmatario', 'proponente', 'attore', 'coordinamento']",coordinamento,azienda socio sanitaria territoriale (asst) di lecco,asl (consultori familiari e altri servizi territoriali),lecco,lecco,lombardia,"firmatario, proponente, attore, coordinamento"
45.69989,9.416989,Associazione L'Altra Meta del Cielo - Telefono Donna di Merate,Merate,Lecco,Lombardia,CAV/Centri Antiviolenza,"firmatario, attore, gestione",True,False,True,True,False,False,True,"['firmatario', 'attore', 'gestione']",gestione,associazione l'altra meta del cielo - telefono donna di merate,cav/centri antiviolenza,merate,lecco,lombardia,"firmatario, attore, gestione"
45.845166,9.369822,Ordine degli Avvocati della provincia di Lecco,Lecco,Lecco,Lombardia,Ordine avvocati,"firmatario, proponente, attore, monitoraggio",True,True,True,False,True,False,True,"['firmatario', 'proponente', 'attore', 'monitoraggio']",monitoraggio,ordine degli avvocati della provincia di lecco,ordine avvocati,lecco,lecco,lombardia,"firmatario, proponente, attore, monitoraggio"
45.845166,9.369822,C.P.O. Ordine Avvocati della provincia di Lecco,Lecco,Lecco,Lombardia,Ordine avvocati,"firmatario, proponente, attore, monitoraggio",True,True,True,False,True,False,True,"['firmatario', 'proponente', 'attore', 'monitoraggio']",monitoraggio,c.p.o. ordine avvocati della provincia di lecco,ordine avvocati,lecco,lecco,lombardia,"firmatario, proponente, attore, monitoraggio"
45.133367,10.024209,Prefettura di Cremona,Cremona,Cremona,Lombardia,Prefettura,"firmatario, proponente, attore, coordinamento",True,True,True,False,False,True,True,"['firmatario', 'proponente', 'attore', 'coordinamento']",coordinamento,prefettura di cremona,prefettura,cremona,cremona,lombardia,"firmatario, proponente, attore, coordinamento"
45.249852,9.944359,Provincia di Cremona,Cremona,Cremona,Lombardia,Province/Città metropolitane,"firmatario, proponente, attore, coordinamento",True,True,True,False,False,True,True,"['firmatario', 'proponente', 'attore', 'coordinamento']",coordinamento,provincia di cremona,province/città metropolitane,cremona,cremona,lombardia,"firmatario, proponente, attore, coordinamento"
45.249852,9.944359,Settore Lavoro e Formazione Provincia di Cremona,Cremona,Cremona,Lombardia,Altro,"firmatario, proponente, attore, coordinamento",True,True,True,False,False,True,True,"['firmatario', 'proponente', 'attore', 'coordinamento']",coordinamento,settore lavoro e formazione provincia di cremona,altro,cremona,cremona,lombardia,"firmatario, proponente, attore, coordinamento"
45.398572,8.916447,Associazione Paroikia Onlus di Abbiategrasso,Abbiategrasso,Milano,Lombardia,ORGANIZZAZIONI DI VOLONTARIATO,"firmatario, attore, gestione",True,False,True,True,False,False,True,"['firmatario', 'attore', 'gestione']",gestione,associazione paroikia onlus di abbiategrasso,organizzazioni di volontariato,abbiategrasso,milano,lombardia,"firmatario, attore, gestione"
45.595373,8.918884,Auser Ticino Olona di Legnano,Legnano,Milano,Lombardia,Ente terzo settore - ETS (iscritto al RUNTS),"firmatario, attore, gestione",True,False,True,True,False,False,True,"['firmatario', 'attore', 'gestione']",gestione,auser ticino olona di legnano,ente terzo settore - ets (iscritto al runts),legnano,milano,lombardia,"firmatario, attore, gestione"
46.130795,9.570366,Comunita Montana Valtellina di Morbegno,Morbegno,Sondrio,Lombardia,Altro,"firmatario, attore, gestione",True,False,True,True,False,False,True,"['firmatario', 'attore', 'gestione']",gestione,comunita montana valtellina di morbegno,altro,morbegno,sondrio,lombardia,"firmatario, attore, gestione"
46.215705,10.173566,Comunita Montana Valtellina di Tirano,Tirano,Sondrio,Lombardia,Altro,"firmatario, attore, gestione",True,False,True,True,False,False,True,"['firmatario', 'attore', 'gestione']",gestione,comunita montana valtellina di tirano,altro,tirano,sondrio,lombardia,"firmatario, attore, gestione"
45.53366,9.236636,Cooperativa Sociale Onlus La Grande Casa di Sesto San Giovanni,Sesto San Giovanni,Milano,Lombardia,Ente terzo settore - ETS (iscritto al RUNTS),"attore, gestione",False,False,True,True,False,False,True,"['attore', 'gestione']",gestione,cooperativa sociale onlus la grande casa di sesto san giovanni,ente terzo settore - ets (iscritto al runts),sesto san giovanni,milano,lombardia,"attore, gestione"
45.314479,9.502812,Comune di Lodi,Lodi,Lodi,Lombardia,Comuni,"firmatario, proponente, attore, coordinamento",True,True,True,False,False,True,True,"['firmatario', 'proponente', 'attore', 'coordinamento']",coordinamento,comune di lodi,comuni,lodi,lodi,lombardia,"firmatario, proponente, attore, coordinamento"
45.314479,9.502812,Azienda Sanitaria Locale di Lodi,Lodi,Lodi,Lombardia,ASL (consultori familiari e altri servizi territoriali),"firmatario, proponente, attore, coordinamento",True,True,True,False,False,True,True,"['firmatario', 'proponente', 'attore', 'coordinamento']",coordinamento,azienda sanitaria locale di lodi,asl (consultori familiari e altri servizi territoriali),lodi,lodi,lombardia,"firmatario, proponente, attore, coordinamento"
45.242887,9.558529,Provincia di Lodi,Lodi,Lodi,Lombardia,Province/Città metropolitane,"firmatario, proponente, attore, coordinamento",True,True,True,False,False,True,True,"['firmatario', 'proponente', 'attore', 'coordinamento']",coordinamento,provincia di lodi,province/città metropolitane,lodi,lodi,lombardia,"firmatario, proponente, attore, coordinamento"
45.401563,10.277085,Associazione Blimunde - Sguardi di donne su salute e medicina,Ghedi,Brescia,Lombardia,Ente terzo settore - ETS (iscritto al RUNTS) costituito da donne per le donne,"firmatario, attore, gestione",True,False,True,True,False,False,True,"['firmatario', 'attore', 'gestione']",gestione,associazione blimunde - sguardi di donne su salute e medicina,ente terzo settore - ets (iscritto al runts) costituito da donne per le donne,ghedi,brescia,lombardia,"firmatario, attore, gestione"
45.590166,9.545285,Associazione Mariposa,Trezzo Sull’ Adda,Milano,Lombardia,Ente terzo settore - ETS (iscritto al RUNTS) costituito da donne per le donne,"firmatario, attore, gestione",True,False,True,True,False,False,True,"['firmatario', 'attore', 'gestione']",gestione,associazione mariposa,ente terzo settore - ets (iscritto al runts) costituito da donne per le donne,trezzo sull’ adda,milano,lombardia,"firmatario, attore, gestione"
45.713512,8.905978,Baobab Cooperativa Sociale,Tradate,Varese,Lombardia,Case Rifugio,"firmatario, attore, gestione",True,False,True,True,False,False,True,"['firmatario', 'attore', 'gestione']",gestione,baobab cooperativa sociale,case rifugio,tradate,varese,lombardia,"firmatario, attore, gestione"
45.818492,8.82403,Fondazione Felicita Morandi ets,Varese,Varese,Lombardia,Case Rifugio,"firmatario, attore, gestione",True,False,True,True,False,False,True,"['firmatario', 'attore', 'gestione']",gestione,fondazione felicita morandi ets,case rifugio,varese,varese,lombardia,"firmatario, attore, gestione"
45.133367,10.024209,CIVITAS,Cremona,Cremona,Lombardia,ORGANIZZAZIONI DI VOLONTARIATO,"firmatario, attore, gestione",True,False,True,True,False,False,True,"['firmatario', 'attore', 'gestione']",gestione,civitas,organizzazioni di volontariato,cremona,cremona,lombardia,"firmatario, attore, gestione"
45.539936,10.219113,PREFETTURA DI BRESCIA,Brescia,Brescia,Lombardia,Prefettura,"firmatario, attore, coordinamento",True,False,True,False,False,True,True,"['firmatario', 'attore', 'coordinamento']",coordinamento,prefettura di brescia,prefettura,brescia,brescia,lombardia,"firmatario, attore, coordinamento"
45.521753,9.592708,Cooperativa Sirio,Treviglio,Bergamo,Lombardia,Case Rifugio,"firmatario, attore, gestione",True,False,True,True,False,False,True,"['firmatario', 'attore', 'gestione']",gestione,cooperativa sirio,case rifugio,treviglio,bergamo,lombardia,"firmatario, attore, gestione"
45.694785,9.667711,Cooperativa Generazioni Fa,Bergamo,Bergamo,Lombardia,Case Rifugio,"firmatario, attore, gestione",True,False,True,True,False,False,True,"['firmatario', 'attore', 'gestione']",gestione,cooperativa generazioni fa,case rifugio,bergamo,bergamo,lombardia,"firmatario, attore, gestione"
45.521753,9.592708,Cooperativa Sociale Sirio,Treviglio,Bergamo,Lombardia,IMPRESE SOCIALI,"firmatario, attore, gestione",True,False,True,True,False,False,True,"['firmatario', 'attore', 'gestione']",gestione,cooperativa sociale sirio,imprese sociali,treviglio,bergamo,lombardia,"firmatario, attore, gestione"
45.883718,10.180859,Comune di Darfo Boario Terme,Darfo Boario Terme,Brescia,Lombardia,Comuni,"firmatario, attore, coordinamento",True,False,True,False,False,True,True,"['firmatario', 'attore', 'coordinamento']",coordinamento,comune di darfo boario terme,comuni,darfo boario terme,brescia,lombardia,"firmatario, attore, coordinamento"
45.52897,9.040138,Azienda Speciale Consortile Sercop,Rho,Milano,Lombardia,"Ambiti della programmazione sociale e socio-sanitaria (Ambiti Sociali, Piani di Zona, Distretti socio-sanitari, Società della Salute)","firmatario, attore, gestione",True,False,True,True,False,False,True,"['firmatario', 'attore', 'gestione']",gestione,azienda speciale consortile sercop,"ambiti della programmazione sociale e socio-sanitaria (ambiti sociali, piani di zona, distretti socio-sanitari, società della salute)",rho,milano,lombardia,"firmatario, attore, gestione"
45.466647,9.190648,Fondazione Somaschi Onlus,Milano,Milano,Lombardia,Ente terzo settore - ETS (iscritto al RUNTS),"firmatario, attore, gestione",True,False,True,True,False,False,True,"['firmatario', 'attore', 'gestione']",gestione,fondazione somaschi onlus,ente terzo settore - ets (iscritto al runts),milano,milano,lombardia,"firmatario, attore, gestione"
45.713077,11.356994,Cooperativa Samarcanda,Schio,Vicenza,Veneto,IMPRESE SOCIALI,"firmatario, gestione",True,False,False,True,False,False,True,"['firmatario', 'gestione']",gestione,cooperativa samarcanda,imprese sociali,schio,vicenza,veneto,"firmatario, gestione"
45.52114,11.332346,Comune di Arzignano,Arzignano,Vicenza,Veneto,Comuni,"attore, coordinamento",False,False,True,False,False,True,True,"['attore', 'coordinamento']",coordinamento,comune di arzignano,comuni,arzignano,vicenza,veneto,"attore, coordinamento"
45.437918,10.993866,Comune di Verona,Verona,Verona,Veneto,Comuni,"firmatario, attore, gestione, coordinamento",True,False,True,True,False,True,True,"['firmatario', 'attore', 'gestione', 'coordinamento']","gestione, coordinamento",comune di verona,comuni,verona,verona,veneto,"firmatario, attore, gestione, coordinamento"
45.954196,12.660075,Prefettura - UTG di Pordenone,Pordenone,Pordenone,Friuli-Venezia Giulia,Prefettura,"firmatario, attore, coordinamento",True,False,True,False,False,True,True,"['firmatario', 'attore', 'coordinamento']",coordinamento,prefettura - utg di pordenone,prefettura,pordenone,pordenone,friuli-venezia giulia,"firmatario, attore, coordinamento"
46.063348,13.23543,Servizio Servizi Sociali del Comune di Udine,Udine,Udine,Friuli-Venezia Giulia,Servizi sociali comunali,"firmatario, attore, gestione",True,False,True,True,False,False,True,"['firmatario', 'attore', 'gestione']",gestione,servizio servizi sociali del comune di udine,servizi sociali comunali,udine,udine,friuli-venezia giulia,"firmatario, attore, gestione"
44.316722,9.324047,Telefono Donna Centro AntiViolenza CIF APS,Chiavari,Genova,Liguria,CAV/Centri Antiviolenza,"firmatario, attore, gestione",True,False,True,True,False,False,True,"['firmatario', 'attore', 'gestione']",gestione,telefono donna centro antiviolenza cif aps,cav/centri antiviolenza,chiavari,genova,liguria,"firmatario, attore, gestione"
44.316722,9.324047,Opera Diocesana Madonna dei Bambini Villaggio del Ragazzo,Chiavari,Genova,Liguria,Case Rifugio,"firmatario, attore, gestione",True,False,True,True,False,False,True,"['firmatario', 'attore', 'gestione']",gestione,opera diocesana madonna dei bambini villaggio del ragazzo,case rifugio,chiavari,genova,liguria,"firmatario, attore, gestione"
44.443053,11.3432,Città metropolitana di Bologna,Bologna,Bologna,Emilia-Romagna,Province/Città metropolitane,"proponente, attore, coordinamento",False,True,True,False,False,True,True,"['proponente', 'attore', 'coordinamento']",coordinamento,città metropolitana di bologna,province/città metropolitane,bologna,bologna,emilia-romagna,"proponente, attore, coordinamento"
44.49411,11.341719,CASA delle donne per non subire violenza,Bologna,Bologna,Emilia-Romagna,CAV/Centri Antiviolenza,"attore, gestione",False,False,True,True,False,False,True,"['attore', 'gestione']",gestione,casa delle donne per non subire violenza,cav/centri antiviolenza,bologna,bologna,emilia-romagna,"attore, gestione"
44.353061,11.714119,Trama di Terre,Imola,Bologna,Emilia-Romagna,CAV/Centri Antiviolenza,"attore, gestione",False,False,True,True,False,False,True,"['attore', 'gestione']",gestione,trama di terre,cav/centri antiviolenza,imola,bologna,emilia-romagna,"attore, gestione"
44.49411,11.341719,MondoDonna,Bologna,Bologna,Emilia-Romagna,CAV/Centri Antiviolenza,"attore, gestione",False,False,True,True,False,False,True,"['attore', 'gestione']",gestione,mondodonna,cav/centri antiviolenza,bologna,bologna,emilia-romagna,"attore, gestione"
44.443053,11.3432,Unione Reno Galliera,,Bologna,Emilia-Romagna,Unione dei Comuni,"attore, gestione",False,False,True,True,False,False,True,"['attore', 'gestione']",gestione,unione reno galliera,unione dei comuni,,bologna,emilia-romagna,"attore, gestione"
44.836014,11.618744,Prefettura di Ferrara,Ferrara,Ferrara,Emilia-Romagna,Prefettura,"firmatario, proponente, attore, coordinamento",True,True,True,False,False,True,True,"['firmatario', 'proponente', 'attore', 'coordinamento']",coordinamento,prefettura di ferrara,prefettura,ferrara,ferrara,emilia-romagna,"firmatario, proponente, attore, coordinamento"
44.836014,11.618744,Comune di Ferrara,Ferrara,Ferrara,Emilia-Romagna,Comuni,"firmatario, proponente, attore, coordinamento",True,True,True,False,False,True,True,"['firmatario', 'proponente', 'attore', 'coordinamento']",coordinamento,comune di ferrara,comuni,ferrara,ferrara,emilia-romagna,"firmatario, proponente, attore, coordinamento"
44.804822,11.830564,Unione Terre e Fiumi,,Ferrara,Emilia-Romagna,Unione dei Comuni,"firmatario, attore, gestione",True,False,True,True,False,False,True,"['firmatario', 'attore', 'gestione']",gestione,unione terre e fiumi,unione dei comuni,,ferrara,emilia-romagna,"firmatario, attore, gestione"
44.836014,11.618744,Azienda Ospedaliera Universitaria di Ferrara,Ferrara,Ferrara,Emilia-Romagna,"Ospedale (Pronto soccorso, ecc.)","firmatario, proponente, attore, coordinamento",True,True,True,False,False,True,True,"['firmatario', 'proponente', 'attore', 'coordinamento']",coordinamento,azienda ospedaliera universitaria di ferrara,"ospedale (pronto soccorso, ecc.)",ferrara,ferrara,emilia-romagna,"firmatario, proponente, attore, coordinamento"
44.836014,11.618744,Azienda USL di Ferrara,Ferrara,Ferrara,Emilia-Romagna,ASL (consultori familiari e altri servizi territoriali),"firmatario, proponente, attore, gestione",True,True,True,True,False,False,True,"['firmatario', 'proponente', 'attore', 'gestione']",gestione,azienda usl di ferrara,asl (consultori familiari e altri servizi territoriali),ferrara,ferrara,emilia-romagna,"firmatario, proponente, attore, gestione"
44.836014,11.618744,Centro Donna Giustizia APS di Ferrara,Ferrara,Ferrara,Emilia-Romagna,CAV/Centri Antiviolenza,"firmatario, proponente, attore, gestione, coordinamento",True,True,True,True,False,True,True,"['firmatario', 'proponente', 'attore', 'gestione', 'coordinamento']","gestione, coordinamento",centro donna giustizia aps di ferrara,cav/centri antiviolenza,ferrara,ferrara,emilia-romagna,"firmatario, proponente, attore, gestione, coordinamento"
44.285523,11.8825,SOS Donna,Faenza,Ravenna,Emilia-Romagna,CAV/Centri Antiviolenza,"attore, gestione",False,False,True,True,False,False,True,"['attore', 'gestione']",gestione,sos donna,cav/centri antiviolenza,faenza,ravenna,emilia-romagna,"attore, gestione"
44.060821,12.565231,Rompi il silenzio ONLUS,Rimini,Rimini,Emilia-Romagna,CAV/Centri Antiviolenza,"attore, gestione",False,False,True,True,False,False,True,"['attore', 'gestione']",gestione,rompi il silenzio onlus,cav/centri antiviolenza,rimini,rimini,emilia-romagna,"attore, gestione"
44.136257,12.241918,Associazione Mater Caritatis,Cesena,Forlì-Cesena,Emilia-Romagna,ASSOCIAZIONI DI PROMOZIONE SOCIALE,"attore, gestione",False,False,True,True,False,False,True,"['attore', 'gestione']",gestione,associazione mater caritatis,associazioni di promozione sociale,cesena,forlì-cesena,emilia-romagna,"attore, gestione"
44.136257,12.241918,Associazione Grazia e Pace,Cesena,Forlì-Cesena,Emilia-Romagna,ORGANIZZAZIONI DI VOLONTARIATO,"attore, gestione",False,False,True,True,False,False,True,"['attore', 'gestione']",gestione,associazione grazia e pace,organizzazioni di volontariato,cesena,forlì-cesena,emilia-romagna,"attore, gestione"
44.42103,11.911668,Associazione di volontariato DEMETRA DONNE IN AIUTO ODV,Lugo,Ravenna,Emilia-Romagna,CAV/Centri Antiviolenza,"firmatario, attore, gestione",True,False,True,True,False,False,True,"['firmatario', 'attore', 'gestione']",gestione,associazione di volontariato demetra donne in aiuto odv,cav/centri antiviolenza,lugo,ravenna,emilia-romagna,"firmatario, attore, gestione"
44.285523,11.8825,Associazione di volontariato SOS DONNA ODV,Faenza,Ravenna,Emilia-Romagna,CAV/Centri Antiviolenza,"firmatario, attore, gestione",True,False,True,True,False,False,True,"['firmatario', 'attore', 'gestione']",gestione,associazione di volontariato sos donna odv,cav/centri antiviolenza,faenza,ravenna,emilia-romagna,"firmatario, attore, gestione"
44.417322,12.199113,Associazione di volontariato LINEA ROSA ODV,Ravenna,Ravenna,Emilia-Romagna,CAV/Centri Antiviolenza,"firmatario, attore, gestione",True,False,True,True,False,False,True,"['firmatario', 'attore', 'gestione']",gestione,associazione di volontariato linea rosa odv,cav/centri antiviolenza,ravenna,ravenna,emilia-romagna,"firmatario, attore, gestione"
45.051961,9.692672,Centro Antiviolenza Telefono Rosa Piacenza - Associazione La Città delle Donne - ODV Piacenza,Piacenza,Piacenza,Emilia-Romagna,CAV/Centri Antiviolenza,"firmatario, proponente, attore, coordinamento",True,True,True,False,False,True,True,"['firmatario', 'proponente', 'attore', 'coordinamento']",coordinamento,centro antiviolenza telefono rosa piacenza - associazione la città delle donne - odv piacenza,cav/centri antiviolenza,piacenza,piacenza,emilia-romagna,"firmatario, proponente, attore, coordinamento"
44.547885,10.902517,Unione dei Comuni Modenesi Area Nord,,Modena,Emilia-Romagna,Unione dei Comuni,"attore, gestione",False,False,True,True,False,False,True,"['attore', 'gestione']",gestione,unione dei comuni modenesi area nord,unione dei comuni,,modena,emilia-romagna,"attore, gestione"
44.285523,11.8825,Comune di Faenza,Faenza,Ravenna,Emilia-Romagna,Comuni,"firmatario, proponente, attore, coordinamento",True,True,True,False,False,True,True,"['firmatario', 'proponente', 'attore', 'coordinamento']",coordinamento,comune di faenza,comuni,faenza,ravenna,emilia-romagna,"firmatario, proponente, attore, coordinamento"
43.421354,11.117309,Associazione Donne Insieme Valdelsa,Colle Di Val D'Elsa,Siena,Toscana,CAV/Centri Antiviolenza,"attore, gestione",False,False,True,True,False,False,True,"['attore', 'gestione']",gestione,associazione donne insieme valdelsa,cav/centri antiviolenza,colle di val d'elsa,siena,toscana,"attore, gestione"
43.466757,11.882063,Prefettura di Arezzo,Arezzo,Arezzo,Toscana,Prefettura,"firmatario, attore, coordinamento",True,False,True,False,False,True,True,"['firmatario', 'attore', 'coordinamento']",coordinamento,prefettura di arezzo,prefettura,arezzo,arezzo,toscana,"firmatario, attore, coordinamento"
43.554544,11.817202,Provincia di Arezzo,Arezzo,Arezzo,Toscana,Province/Città metropolitane,"firmatario, attore, coordinamento",True,False,True,False,False,True,True,"['firmatario', 'attore', 'coordinamento']",coordinamento,provincia di arezzo,province/città metropolitane,arezzo,arezzo,toscana,"firmatario, attore, coordinamento"
43.769226,11.256606,Centro antiviolenza Artemisia,Firenze,Firenze,Toscana,CAV/Centri Antiviolenza,"attore, gestione",False,False,True,True,False,False,True,"['attore', 'gestione']",gestione,centro antiviolenza artemisia,cav/centri antiviolenza,firenze,firenze,toscana,"attore, gestione"
43.769226,11.256606,Comune di Firenze: Area Tutela Valery,Firenze,Firenze,Toscana,Servizi sociali comunali,"firmatario, attore, gestione",True,False,True,True,False,False,True,"['firmatario', 'attore', 'gestione']",gestione,comune di firenze: area tutela valery,servizi sociali comunali,firenze,firenze,toscana,"firmatario, attore, gestione"
42.789009,11.269392,Provincia di Grosseto,Grosseto,Grosseto,Toscana,Province/Città metropolitane,"attore, coordinamento",False,False,True,False,False,True,True,"['attore', 'coordinamento']",coordinamento,provincia di grosseto,province/città metropolitane,grosseto,grosseto,toscana,"attore, coordinamento"
43.552232,10.308057,Comune di Livorno,Livorno,Livorno,Toscana,Comuni,"attore, coordinamento",False,False,True,False,False,True,True,"['attore', 'coordinamento']",coordinamento,comune di livorno,comuni,livorno,livorno,toscana,"attore, coordinamento"
44.022526,10.409582,Provincia di Lucca,Lucca,Lucca,Toscana,Province/Città metropolitane,"firmatario, proponente, attore, coordinamento",True,True,True,False,False,True,True,"['firmatario', 'proponente', 'attore', 'coordinamento']",coordinamento,provincia di lucca,province/città metropolitane,lucca,lucca,toscana,"firmatario, proponente, attore, coordinamento"
43.715461,10.401088,Associazione Casa della donna,Pisa,Pisa,Toscana,CAV/Centri Antiviolenza,"firmatario, attore, gestione",True,False,True,True,False,False,True,"['firmatario', 'attore', 'gestione']",gestione,associazione casa della donna,cav/centri antiviolenza,pisa,pisa,toscana,"firmatario, attore, gestione"
43.679558,10.852629,Associazione Frida,San Miniato,Pisa,Toscana,CAV/Centri Antiviolenza,"firmatario, attore, gestione",True,False,True,True,False,False,True,"['firmatario', 'attore', 'gestione']",gestione,associazione frida,cav/centri antiviolenza,san miniato,pisa,toscana,"firmatario, attore, gestione"
43.910102,12.913395,Ambito Territoriale Sociale n.1 di Pesaro,Pesaro,Pesaro E Urbino,Marche,"Ambiti della programmazione sociale e socio-sanitaria (Ambiti Sociali, Piani di Zona, Distretti socio-sanitari, Società della Salute)","firmatario, proponente, attore, coordinamento",True,True,True,False,False,True,True,"['firmatario', 'proponente', 'attore', 'coordinamento']",coordinamento,ambito territoriale sociale n.1 di pesaro,"ambiti della programmazione sociale e socio-sanitaria (ambiti sociali, piani di zona, distretti socio-sanitari, società della salute)",pesaro,pesaro e urbino,marche,"firmatario, proponente, attore, coordinamento"
43.616739,13.518874,Prefettura di Ancona,Ancona,Ancona,Marche,Prefettura,"firmatario, attore, coordinamento",True,False,True,False,False,True,True,"['firmatario', 'attore', 'coordinamento']",coordinamento,prefettura di ancona,prefettura,ancona,ancona,marche,"firmatario, attore, coordinamento"
43.616739,13.518874,Comune di Ancona,Ancona,Ancona,Marche,Comuni,"firmatario, attore, gestione",True,False,True,True,False,False,True,"['firmatario', 'attore', 'gestione']",gestione,comune di ancona,comuni,ancona,ancona,marche,"firmatario, attore, gestione"
43.616739,13.518874,Cooperativa Polo 9,Ancona,Ancona,Marche,IMPRESE SOCIALI,"firmatario, attore, gestione",True,False,True,True,False,False,True,"['firmatario', 'attore', 'gestione']",gestione,cooperativa polo 9,imprese sociali,ancona,ancona,marche,"firmatario, attore, gestione"
43.616739,13.518874,Associazione Donne e Giustizia di Ancona,Ancona,Ancona,Marche,CAV/Centri Antiviolenza,"firmatario, attore, gestione",True,False,True,True,False,False,True,"['firmatario', 'attore', 'gestione']",gestione,associazione donne e giustizia di ancona,cav/centri antiviolenza,ancona,ancona,marche,"firmatario, attore, gestione"
43.300217,13.453122,Prefettura - Ufficio Territoriale del Governo di Macerata,Macerata,Macerata,Marche,Prefettura,"firmatario, proponente, attore, coordinamento",True,True,True,False,False,True,True,"['firmatario', 'proponente', 'attore', 'coordinamento']",coordinamento,prefettura - ufficio territoriale del governo di macerata,prefettura,macerata,macerata,marche,"firmatario, proponente, attore, coordinamento"
41.788708,12.667168,APS Ponte Donna,Grottaferrata,Roma,Lazio,ASSOCIAZIONI DI PROMOZIONE SOCIALE,"firmatario, attore, gestione",True,False,True,True,False,False,True,"['firmatario', 'attore', 'gestione']",gestione,aps ponte donna,associazioni di promozione sociale,grottaferrata,roma,lazio,"firmatario, attore, gestione"
41.788708,12.667168,APS Ponte Donna,Grottaferrata,Roma,Lazio,Ente terzo settore - ETS (iscritto al RUNTS) costituito da donne per le donne,"firmatario, attore, gestione",True,False,True,True,False,False,True,"['firmatario', 'attore', 'gestione']",gestione,aps ponte donna,ente terzo settore - ets (iscritto al runts) costituito da donne per le donne,grottaferrata,roma,lazio,"firmatario, attore, gestione"
41.788708,12.667168,Associazione Ponte Donna APS,Grottaferrata,Roma,Lazio,ASSOCIAZIONI DI PROMOZIONE SOCIALE,"firmatario, attore, gestione",True,False,True,True,False,False,True,"['firmatario', 'attore', 'gestione']",gestione,associazione ponte donna aps,associazioni di promozione sociale,grottaferrata,roma,lazio,"firmatario, attore, gestione"
41.892984,12.483536,APS Casa delle Donne Lucha y Siesta,Roma,Roma,Lazio,Ente terzo settore - ETS (iscritto al RUNTS) costituito da donne per le donne,"firmatario, attore, gestione",True,False,True,True,False,False,True,"['firmatario', 'attore', 'gestione']",gestione,aps casa delle donne lucha y siesta,ente terzo settore - ets (iscritto al runts) costituito da donne per le donne,roma,roma,lazio,"firmatario, attore, gestione"
41.892984,12.483536,APS Differenza Donna,Roma,Roma,Lazio,Ente terzo settore - ETS (iscritto al RUNTS) costituito da donne per le donne,"firmatario, attore, gestione",True,False,True,True,False,False,True,"['firmatario', 'attore', 'gestione']",gestione,aps differenza donna,ente terzo settore - ets (iscritto al runts) costituito da donne per le donne,roma,roma,lazio,"firmatario, attore, gestione"
41.467896,12.90319,Associazione Centro Donna Lilith,Latina,Latina,Lazio,CAV/Centri Antiviolenza,"firmatario, attore, gestione",True,False,True,True,False,False,True,"['firmatario', 'attore', 'gestione']",gestione,associazione centro donna lilith,cav/centri antiviolenza,latina,latina,lazio,"firmatario, attore, gestione"
41.892984,12.483536,Municipio Roma V,Roma,Roma,Lazio,Comuni,"firmatario, proponente, attore, coordinamento",True,True,True,False,False,True,True,"['firmatario', 'proponente', 'attore', 'coordinamento']",coordinamento,municipio roma v,comuni,roma,roma,lazio,"firmatario, proponente, attore, coordinamento"
41.473501,13.181633,Cooperativa “La Ginestra”,Priverno,Latina,Lazio,ASSOCIAZIONI DI PROMOZIONE SOCIALE,"attore, gestione",False,False,True,True,False,False,True,"['attore', 'gestione']",gestione,cooperativa “la ginestra”,associazioni di promozione sociale,priverno,latina,lazio,"attore, gestione"
41.892984,12.483536,Associazione Nazionale Volontarie del Telefono Rosa - Onlus,Roma,Roma,Lazio,ASSOCIAZIONI DI PROMOZIONE SOCIALE,"attore, gestione",False,False,True,True,False,False,True,"['attore', 'gestione']",gestione,associazione nazionale volontarie del telefono rosa - onlus,associazioni di promozione sociale,roma,roma,lazio,"attore, gestione"
41.892984,12.483536,Obiettivo Uomo Societa Cooperativa Sociale Ets,Roma,Roma,Lazio,IMPRESE SOCIALI,"firmatario, attore, gestione",True,False,True,True,False,False,True,"['firmatario', 'attore', 'gestione']",gestione,obiettivo uomo societa cooperativa sociale ets,imprese sociali,roma,roma,lazio,"firmatario, attore, gestione"
41.892984,12.483536,Associazione Differenza Donna APS,Roma,Roma,Lazio,ASSOCIAZIONI DI PROMOZIONE SOCIALE,"firmatario, attore, gestione",True,False,True,True,False,False,True,"['firmatario', 'attore', 'gestione']",gestione,associazione differenza donna aps,associazioni di promozione sociale,roma,roma,lazio,"firmatario, attore, gestione"
41.892984,12.483536,Associazione Differenza Donna - ONLUS,Roma,Roma,Lazio,Ente terzo settore - ETS (iscritto al RUNTS),"firmatario, proponente, attore, gestione",True,True,True,True,False,False,True,"['firmatario', 'proponente', 'attore', 'gestione']",gestione,associazione differenza donna - onlus,ente terzo settore - ets (iscritto al runts),roma,roma,lazio,"firmatario, proponente, attore, gestione"
41.892984,12.483536,Associazione Differenza Donna APS,Roma,Roma,Lazio,ASSOCIAZIONI DI PROMOZIONE SOCIALE,"firmatario, proponente, attore, gestione",True,True,True,True,False,False,True,"['firmatario', 'proponente', 'attore', 'gestione']",gestione,associazione differenza donna aps,associazioni di promozione sociale,roma,roma,lazio,"firmatario, proponente, attore, gestione"
41.892984,12.483536,DIFFERENZA DONNA APS,Roma,Roma,Lazio,ASSOCIAZIONI DI PROMOZIONE SOCIALE,"firmatario, attore, gestione",True,False,True,True,False,False,True,"['firmatario', 'attore', 'gestione']",gestione,differenza donna aps,associazioni di promozione sociale,roma,roma,lazio,"firmatario, attore, gestione"
41.892984,12.483536,Associazione Differenza Donna - Associazione di Donne contro la violenza alle donne Onlus,Roma,Roma,Lazio,ASSOCIAZIONI DI PROMOZIONE SOCIALE,"attore, gestione",False,False,True,True,False,False,True,"['attore', 'gestione']",gestione,associazione differenza donna - associazione di donne contro la violenza alle donne onlus,associazioni di promozione sociale,roma,roma,lazio,"attore, gestione"
41.639237,13.35057,Azienda Sanitaria Locale di Frosinone,Frosinone,Frosinone,Lazio,ASL (consultori familiari e altri servizi territoriali),"firmatario, proponente, attore, gestione",True,True,True,True,False,False,True,"['firmatario', 'proponente', 'attore', 'gestione']",gestione,azienda sanitaria locale di frosinone,asl (consultori familiari e altri servizi territoriali),frosinone,frosinone,lazio,"firmatario, proponente, attore, gestione"
41.720079,13.613681,Risorse Donna APS,Sora,Frosinone,Lazio,CAV/Centri Antiviolenza,"firmatario, attore, gestione",True,False,True,True,False,False,True,"['firmatario', 'attore', 'gestione']",gestione,risorse donna aps,cav/centri antiviolenza,sora,frosinone,lazio,"firmatario, attore, gestione"
41.803881,13.221884,APS Calcutta,Fiuggi,Frosinone,Lazio,CAV/Centri Antiviolenza,"firmatario, attore, gestione",True,False,True,True,False,False,True,"['firmatario', 'attore', 'gestione']",gestione,aps calcutta,cav/centri antiviolenza,fiuggi,frosinone,lazio,"firmatario, attore, gestione"
41.639237,13.35057,Auser del Frusinate,Frosinone,Frosinone,Lazio,CAV/Centri Antiviolenza,"firmatario, attore, gestione",True,False,True,True,False,False,True,"['firmatario', 'attore', 'gestione']",gestione,auser del frusinate,cav/centri antiviolenza,frosinone,frosinone,lazio,"firmatario, attore, gestione"
41.965038,12.903962,Associazione Volontarie Telefono Rosa Frosinone - Regione Lazio ODV,Ceccano,Frosinone,Lazio,CAV/Centri Antiviolenza,"firmatario, attore, gestione",True,False,True,True,False,False,True,"['firmatario', 'attore', 'gestione']",gestione,associazione volontarie telefono rosa frosinone - regione lazio odv,cav/centri antiviolenza,ceccano,frosinone,lazio,"firmatario, attore, gestione"
41.568398,13.333537,ASSOCIAZIONE VOLONTARIE TELEFONO ROSA FROSINONE,Ceccano,Frosinone,Lazio,CAV/Centri Antiviolenza,"firmatario, proponente, attore, coordinamento",True,True,True,False,False,True,True,"['firmatario', 'proponente', 'attore', 'coordinamento']",coordinamento,associazione volontarie telefono rosa frosinone,cav/centri antiviolenza,ceccano,frosinone,lazio,"firmatario, proponente, attore, coordinamento"
41.892984,12.483536,Be Free Societa Cooperativa Sociale,Roma,Roma,Lazio,IMPRESE SOCIALI,"firmatario, attore, gestione",True,False,True,True,False,False,True,"['firmatario', 'attore', 'gestione']",gestione,be free societa cooperativa sociale,imprese sociali,roma,roma,lazio,"firmatario, attore, gestione"
41.892984,12.483536,Replay Network aps,Roma,Roma,Lazio,ASSOCIAZIONI DI PROMOZIONE SOCIALE,"firmatario, attore, coordinamento",True,False,True,False,False,True,True,"['firmatario', 'attore', 'coordinamento']",coordinamento,replay network aps,associazioni di promozione sociale,roma,roma,lazio,"firmatario, attore, coordinamento"
42.191132,14.220275,Comune di Guardiagrele,Guardiagrele,Chieti,Abruzzo,Comuni,"firmatario, proponente, attore, coordinamento",True,True,True,False,False,True,True,"['firmatario', 'proponente', 'attore', 'coordinamento']",coordinamento,comune di guardiagrele,comuni,guardiagrele,chieti,abruzzo,"firmatario, proponente, attore, coordinamento"
42.045395,14.731597,Associazione Dafne Onlus,San Salvo,Chieti,Abruzzo,ALTRI ENTI DEL TERZO SETTORE,"firmatario, proponente, attore, coordinamento",True,True,True,False,False,True,True,"['firmatario', 'proponente', 'attore', 'coordinamento']",coordinamento,associazione dafne onlus,altri enti del terzo settore,san salvo,chieti,abruzzo,"firmatario, proponente, attore, coordinamento"
42.045395,14.731597,Associazione Dafne Onlus,San Salvo,Chieti,Abruzzo,ALTRI ENTI DEL TERZO SETTORE,"firmatario, attore, coordinamento",True,False,True,False,False,True,True,"['firmatario', 'attore', 'coordinamento']",coordinamento,associazione dafne onlus,altri enti del terzo settore,san salvo,chieti,abruzzo,"firmatario, attore, coordinamento"
42.045395,14.731597,Associazione Dafne Onlus,San Salvo,Chieti,Abruzzo,ALTRI ENTI DEL TERZO SETTORE,"firmatario, proponente, attore, gestione, coordinamento",True,True,True,True,False,True,True,"['firmatario', 'proponente', 'attore', 'gestione', 'coordinamento']","gestione, coordinamento",associazione dafne onlus,altri enti del terzo settore,san salvo,chieti,abruzzo,"firmatario, proponente, attore, gestione, coordinamento"
42.045395,14.731597,Associazione Dafne Onlus,San Salvo,Chieti,Abruzzo,ALTRI ENTI DEL TERZO SETTORE,"firmatario, attore, gestione, coordinamento",True,False,True,True,False,True,True,"['firmatario', 'attore', 'gestione', 'coordinamento']","gestione, coordinamento",associazione dafne onlus,altri enti del terzo settore,san salvo,chieti,abruzzo,"firmatario, attore, gestione, coordinamento"
42.047483,13.924196,Società Cooperativa Sociale Horizon Service,Sulmona,L'Aquila,Abruzzo,Ente terzo settore - ETS (iscritto al RUNTS),"firmatario, proponente, attore, gestione",True,True,True,True,False,False,True,"['firmatario', 'proponente', 'attore', 'gestione']",gestione,società cooperativa sociale horizon service,ente terzo settore - ets (iscritto al runts),sulmona,l'aquila,abruzzo,"firmatario, proponente, attore, gestione"
41.227106,16.295272,Associazione “RiscoprirSi... - APS”,Andria,Barletta-Andria-Trani,Puglia,ASSOCIAZIONI DI PROMOZIONE SOCIALE,"firmatario, attore, gestione",True,False,True,True,False,False,True,"['firmatario', 'attore', 'gestione']",gestione,associazione “riscoprirsi... - aps”,associazioni di promozione sociale,andria,barletta-andria-trani,puglia,"firmatario, attore, gestione"
40.575923,17.715728,Provincia di Brindisi,Brindisi,Brindisi,Puglia,Province/Città metropolitane,"firmatario, proponente, attore, coordinamento",True,True,True,False,False,True,True,"['firmatario', 'proponente', 'attore', 'coordinamento']",coordinamento,provincia di brindisi,province/città metropolitane,brindisi,brindisi,puglia,"firmatario, proponente, attore, coordinamento"
41.462205,15.543111,Università degli Studi di Foggia,Foggia,Foggia,Puglia,Università,"firmatario, attore, coordinamento",True,False,True,False,False,True,True,"['firmatario', 'attore', 'coordinamento']",coordinamento,università degli studi di foggia,università,foggia,foggia,puglia,"firmatario, attore, coordinamento"
40.801457,16.923309,Ambito Territoriale Sociale di Gioia del Colle,Gioia Del Colle,Bari,Puglia,"Ambiti della programmazione sociale e socio-sanitaria (Ambiti Sociali, Piani di Zona, Distretti socio-sanitari, Società della Salute)","firmatario, proponente, attore, coordinamento",True,True,True,False,False,True,True,"['firmatario', 'proponente', 'attore', 'coordinamento']",coordinamento,ambito territoriale sociale di gioia del colle,"ambiti della programmazione sociale e socio-sanitaria (ambiti sociali, piani di zona, distretti socio-sanitari, società della salute)",gioia del colle,bari,puglia,"firmatario, proponente, attore, coordinamento"
40.96653,17.114541,APS Sud Est Donne,Conversano,Bari,Puglia,ASSOCIAZIONI DI PROMOZIONE SOCIALE,"firmatario, gestione",True,False,False,True,False,False,True,"['firmatario', 'gestione']",gestione,aps sud est donne,associazioni di promozione sociale,conversano,bari,puglia,"firmatario, gestione"
41.227106,16.295272,RISCOPRIRSI... - APS,Andria,Barletta-Andria-Trani,Puglia,ASSOCIAZIONI DI PROMOZIONE SOCIALE,"firmatario, attore, gestione",True,False,True,True,False,False,True,"['firmatario', 'attore', 'gestione']",gestione,riscoprirsi... - aps,associazioni di promozione sociale,andria,barletta-andria-trani,puglia,"firmatario, attore, gestione"
41.32021,16.279692,Osservatorio Giulia e Rossella,Barletta,Barletta-Andria-Trani,Puglia,ALTRI ENTI DEL TERZO SETTORE,"firmatario, attore, gestione",True,False,True,True,False,False,True,"['firmatario', 'attore', 'gestione']",gestione,osservatorio giulia e rossella,altri enti del terzo settore,barletta,barletta-andria-trani,puglia,"firmatario, attore, gestione"
40.17391,18.16982,"Centro Antiviolenza ""Malala Yousafzai""",Galatina,Lecce,Puglia,CAV/Centri Antiviolenza,"attore, gestione",False,False,True,True,False,False,True,"['attore', 'gestione']",gestione,"centro antiviolenza ""malala yousafzai""",cav/centri antiviolenza,galatina,lecce,puglia,"attore, gestione"
40.578001,16.757505,Ufficio di Piano,Ginosa,Taranto,Puglia,"Ambiti della programmazione sociale e socio-sanitaria (Ambiti Sociali, Piani di Zona, Distretti socio-sanitari, Società della Salute)","attore, coordinamento",False,False,True,False,False,True,True,"['attore', 'coordinamento']",coordinamento,ufficio di piano,"ambiti della programmazione sociale e socio-sanitaria (ambiti sociali, piani di zona, distretti socio-sanitari, società della salute)",ginosa,taranto,puglia,"attore, coordinamento"
40.47344,17.232572,Prefettura di Taranto,Taranto,Taranto,Puglia,Prefettura,"firmatario, attore, coordinamento",True,False,True,False,False,True,True,"['firmatario', 'attore', 'coordinamento']",coordinamento,prefettura di taranto,prefettura,taranto,taranto,puglia,"firmatario, attore, coordinamento"
38.904975,16.595397,Centro Calabrese di Solidarietà,Catanzaro,Catanzaro,Calabria,ALTRI ENTI DEL TERZO SETTORE,"firmatario, proponente, attore, gestione",True,True,True,True,False,False,True,"['firmatario', 'proponente', 'attore', 'gestione']",gestione,centro calabrese di solidarietà,altri enti del terzo settore,catanzaro,catanzaro,calabria,"firmatario, proponente, attore, gestione"
38.874994,16.487188,Unione dei Comuni del Versante Ionico,,Catanzaro,Calabria,Unione dei Comuni,"firmatario, proponente, attore, coordinamento",True,True,True,False,False,True,True,"['firmatario', 'proponente', 'attore', 'coordinamento']",coordinamento,unione dei comuni del versante ionico,unione dei comuni,,catanzaro,calabria,"firmatario, proponente, attore, coordinamento"
39.293174,16.256247,Prefettura di Cosenza,Cosenza,Cosenza,Calabria,Prefettura,"firmatario, proponente, attore, coordinamento",True,True,True,False,False,True,True,"['firmatario', 'proponente', 'attore', 'coordinamento']",coordinamento,prefettura di cosenza,prefettura,cosenza,cosenza,calabria,"firmatario, proponente, attore, coordinamento"
